[
    {
        "descriptor": "Noise: Construction Before/After Hours (NM1)",
        "incident_zip": "11211",
        "created_date": "2022-03-15T23:58:00.000",
        "location": {
            "latitude": "40.713063235400725",
            "human_address": "{\"address\": \"\", \"city\": \"\", \"state\": \"\", \"zip\": \"\"}",
            "needs_recoding": false,
            "longitude": "-73.96149357837383"
        },
        "city": "BROOKLYN",
        "cross_street_2": "DRIGGS AVE",
        "closed_date": "2022-03-16T14:03:00.000",
        "park_facility_name": "Unspecified",
        "agency_name": "Department of Environmental Protection",
        "latitude": "40.713063235400725",
        "x_coordinate_state_plane": "994925",
        "resolution_description": "The Department of Environmental Protection determined that this complaint is a duplicate of a previously filed complaint. The original complaint is being addressed.",
        "incident_address": "153 SOUTH    2 STREET",
        "cross_street_1": "BEDFORD AVE",
        "community_board": "01 BROOKLYN",
        "agency": "DEP",
        "park_borough": "BROOKLYN",
        "borough": "BROOKLYN",
        "street_name": "SOUTH    2 STREET",
        "complaint_type": "Noise",
        "longitude": "-73.96149357837383",
        "bbl": "3024060040",
        "status": "Closed",
        "unique_key": "53657678",
        "y_coordinate_state_plane": "199067",
        "resolution_action_updated_date": "2022-03-16T14:03:00.000",
        "address_type": "ADDRESS",
        "facility_type": "N/A",
        "open_data_channel_type": "PHONE"
    },
    {
        "descriptor": "Noise: Jack Hammering (NC2)",
        "incident_zip": "11211",
        "created_date": "2022-03-15T22:48:00.000",
        "location": {
            "latitude": "40.71309347113876",
            "human_address": "{\"address\": \"\", \"city\": \"\", \"state\": \"\", \"zip\": \"\"}",
            "needs_recoding": false,
            "longitude": "-73.96162341869547"
        },
        "city": "BROOKLYN",
        "cross_street_2": "DRIGGS AVE",
        "closed_date": "2022-03-16T14:04:00.000",
        "park_facility_name": "Unspecified",
        "agency_name": "Department of Environmental Protection",
        "latitude": "40.71309347113876",
        "x_coordinate_state_plane": "994889",
        "resolution_description": "The Department of Environmental Protection determined that this complaint is a duplicate of a previously filed complaint. The original complaint is being addressed.",
        "incident_address": "150 SOUTH    2 STREET",
        "cross_street_1": "BEDFORD AVE",
        "community_board": "01 BROOKLYN",
        "agency": "DEP",
        "park_borough": "BROOKLYN",
        "borough": "BROOKLYN",
        "street_name": "SOUTH    2 STREET",
        "complaint_type": "Noise",
        "longitude": "-73.96162341869547",
        "bbl": "3024180013",
        "status": "Closed",
        "unique_key": "53658850",
        "y_coordinate_state_plane": "199078",
        "resolution_action_updated_date": "2022-03-16T14:04:00.000",
        "address_type": "ADDRESS",
        "facility_type": "N/A",
        "open_data_channel_type": "ONLINE"
    },
    {
        "descriptor": "Noise: Construction Before/After Hours (NM1)",
        "incident_zip": "11211",
        "created_date": "2022-03-15T22:48:00.000",
        "location": {
            "latitude": "40.71326928767005",
            "human_address": "{\"address\": \"\", \"city\": \"\", \"state\": \"\", \"zip\": \"\"}",
            "needs_recoding": false,
            "longitude": "-73.96208142809773"
        },
        "city": "BROOKLYN",
        "closed_date": "2022-03-16T21:30:00.000",
        "park_facility_name": "Unspecified",
        "intersection_street_1": "BEDFORD AVENUE",
        "agency_name": "Department of Environmental Protection",
        "latitude": "40.71326928767005",
        "x_coordinate_state_plane": "994762",
        "resolution_description": "The Department of Environmental Protection did not observe a violation of the New York City Air/Noise Code at the time of inspection and could not issue a notice of violation. If the problem still exists, please call 311 and file a new complaint. If you are outside of New York City, please call (212) NEW-YORK (212-639-9675).",
        "community_board": "01 BROOKLYN",
        "agency": "DEP",
        "park_borough": "BROOKLYN",
        "borough": "BROOKLYN",
        "complaint_type": "Noise",
        "longitude": "-73.96208142809773",
        "status": "Closed",
        "unique_key": "53651958",
        "y_coordinate_state_plane": "199142",
        "resolution_action_updated_date": "2022-03-16T21:30:00.000",
        "address_type": "INTERSECTION",
        "intersection_street_2": "SOUTH SECOND STREET",
        "facility_type": "N/A",
        "open_data_channel_type": "ONLINE"
    },
    {
        "descriptor": "Noise: Construction Before/After Hours (NM1)",
        "incident_zip": "11211",
        "created_date": "2022-03-15T22:42:00.000",
        "location": {
            "latitude": "40.713107191337706",
            "human_address": "{\"address\": \"\", \"city\": \"\", \"state\": \"\", \"zip\": \"\"}",
            "needs_recoding": false,
            "longitude": "-73.96161258931139"
        },
        "city": "BROOKLYN",
        "cross_street_2": "DRIGGS AVE",
        "closed_date": "2022-03-16T14:03:00.000",
        "park_facility_name": "Unspecified",
        "agency_name": "Department of Environmental Protection",
        "latitude": "40.713107191337706",
        "x_coordinate_state_plane": "994892",
        "resolution_description": "The Department of Environmental Protection determined that this complaint is a duplicate of a previously filed complaint. The original complaint is being addressed.",
        "incident_address": "149 SOUTH    2 STREET",
        "cross_street_1": "BEDFORD AVE",
        "community_board": "01 BROOKLYN",
        "agency": "DEP",
        "park_borough": "BROOKLYN",
        "borough": "BROOKLYN",
        "street_name": "SOUTH    2 STREET",
        "complaint_type": "Noise",
        "longitude": "-73.96161258931139",
        "bbl": "3024060042",
        "status": "Closed",
        "unique_key": "53658844",
        "y_coordinate_state_plane": "199083",
        "resolution_action_updated_date": "2022-03-16T14:03:00.000",
        "address_type": "ADDRESS",
        "facility_type": "N/A",
        "open_data_channel_type": "ONLINE"
    },
    {
        "descriptor": "Noise, Ice Cream Truck (NR4)",
        "incident_zip": "11211",
        "created_date": "2022-03-15T20:00:00.000",
        "location": {
            "latitude": "40.709623281965065",
            "human_address": "{\"address\": \"\", \"city\": \"\", \"state\": \"\", \"zip\": \"\"}",
            "needs_recoding": false,
            "longitude": "-73.95213547032338"
        },
        "city": "BROOKLYN",
        "cross_street_2": "HEWES ST",
        "closed_date": "2022-03-16T19:00:00.000",
        "park_facility_name": "Unspecified",
        "agency_name": "Department of Environmental Protection",
        "latitude": "40.709623281965065",
        "x_coordinate_state_plane": "997520",
        "resolution_description": "The Department of Environmental Protection did not observe a violation of the New York City Air/Noise Code at the time of inspection and could not issue a notice of violation. If the problem still exists, please call 311 and file a new complaint. If you are outside of New York City, please call (212) NEW-YORK (212-639-9675).",
        "incident_address": "382 SOUTH    2 STREET",
        "cross_street_1": "HOOPER ST",
        "community_board": "01 BROOKLYN",
        "agency": "DEP",
        "park_borough": "BROOKLYN",
        "borough": "BROOKLYN",
        "street_name": "SOUTH    2 STREET",
        "complaint_type": "Noise",
        "longitude": "-73.95213547032338",
        "bbl": "3024250010",
        "status": "Closed",
        "unique_key": "53651949",
        "y_coordinate_state_plane": "197815",
        "resolution_action_updated_date": "2022-03-16T19:00:00.000",
        "address_type": "ADDRESS",
        "facility_type": "N/A",
        "open_data_channel_type": "ONLINE"
    },
    {
        "descriptor": "Noise: Construction Before/After Hours (NM1)",
        "incident_zip": "11222",
        "created_date": "2022-03-15T19:11:00.000",
        "location": {
            "latitude": "40.72530530281406",
            "human_address": "{\"address\": \"\", \"city\": \"\", \"state\": \"\", \"zip\": \"\"}",
            "needs_recoding": false,
            "longitude": "-73.9485632866697"
        },
        "city": "BROOKLYN",
        "cross_street_2": "NORMAN AVE",
        "closed_date": "2022-03-16T23:00:00.000",
        "park_facility_name": "Unspecified",
        "agency_name": "Department of Environmental Protection",
        "latitude": "40.72530530281406",
        "x_coordinate_state_plane": "998507",
        "resolution_description": "The Department of Environmental Protection did not observe a violation of the New York City Air/Noise Code at the time of inspection and could not issue a notice of violation. If the problem still exists, please call 311 and file a new complaint. If you are outside of New York City, please call (212) NEW-YORK (212-639-9675).",
        "incident_address": "79 MCGUINNESS BOULEVARD",
        "cross_street_1": "NASSAU AVE",
        "community_board": "01 BROOKLYN",
        "agency": "DEP",
        "park_borough": "BROOKLYN",
        "borough": "BROOKLYN",
        "street_name": "MCGUINNESS BOULEVARD",
        "complaint_type": "Noise",
        "longitude": "-73.9485632866697",
        "bbl": "3026490022",
        "status": "Closed",
        "unique_key": "53655410",
        "y_coordinate_state_plane": "203529",
        "resolution_action_updated_date": "2022-03-16T23:00:00.000",
        "address_type": "ADDRESS",
        "facility_type": "N/A",
        "open_data_channel_type": "ONLINE"
    },
    {
        "descriptor": "Noise, Barking Dog (NR5)",
        "incident_zip": "11249",
        "created_date": "2022-03-15T18:32:00.000",
        "location": {
            "latitude": "40.719337462003566",
            "human_address": "{\"address\": \"\", \"city\": \"\", \"state\": \"\", \"zip\": \"\"}",
            "needs_recoding": false,
            "longitude": "-73.96061693870375"
        },
        "city": "BROOKLYN",
        "cross_street_2": "N 6 ST",
        "closed_date": "2022-03-16T09:11:00.000",
        "park_facility_name": "Unspecified",
        "agency_name": "Department of Environmental Protection",
        "latitude": "40.719337462003566",
        "x_coordinate_state_plane": "995167",
        "resolution_description": "The Department of Environmental Protection researched this complaint and determined that it could be closed.",
        "incident_address": "149 WYTHE AVENUE",
        "cross_street_1": "N 7 ST",
        "community_board": "01 BROOKLYN",
        "agency": "DEP",
        "park_borough": "BROOKLYN",
        "borough": "BROOKLYN",
        "street_name": "WYTHE AVENUE",
        "complaint_type": "Noise",
        "longitude": "-73.96061693870375",
        "bbl": "3023260005",
        "status": "Closed",
        "unique_key": "53657668",
        "y_coordinate_state_plane": "201353",
        "resolution_action_updated_date": "2022-03-16T09:11:00.000",
        "address_type": "ADDRESS",
        "facility_type": "N/A",
        "open_data_channel_type": "ONLINE"
    },
    {
        "descriptor": "Noise: Construction Equipment (NC1)",
        "incident_zip": "11222",
        "created_date": "2022-03-15T17:58:00.000",
        "location": {
            "latitude": "40.72521195689812",
            "human_address": "{\"address\": \"\", \"city\": \"\", \"state\": \"\", \"zip\": \"\"}",
            "needs_recoding": false,
            "longitude": "-73.9485092414619"
        },
        "city": "BROOKLYN",
        "cross_street_2": "NORMAN AVE",
        "closed_date": "2022-03-17T09:30:00.000",
        "park_facility_name": "Unspecified",
        "agency_name": "Department of Environmental Protection",
        "latitude": "40.72521195689812",
        "x_coordinate_state_plane": "998522",
        "resolution_description": "The Department of Environmental Protection did not observe a violation of the New York City Air/Noise Code at the time of inspection and could not issue a notice of violation. If the problem still exists, please call 311 and file a new complaint. If you are outside of New York City, please call (212) NEW-YORK (212-639-9675).",
        "incident_address": "75 MCGUINNESS BOULEVARD",
        "cross_street_1": "NASSAU AVE",
        "community_board": "01 BROOKLYN",
        "agency": "DEP",
        "park_borough": "BROOKLYN",
        "borough": "BROOKLYN",
        "street_name": "MCGUINNESS BOULEVARD",
        "complaint_type": "Noise",
        "longitude": "-73.9485092414619",
        "bbl": "3026490024",
        "status": "Closed",
        "unique_key": "53653151",
        "y_coordinate_state_plane": "203495",
        "resolution_action_updated_date": "2022-03-17T09:30:00.000",
        "address_type": "ADDRESS",
        "facility_type": "N/A",
        "open_data_channel_type": "ONLINE"
    },
    {
        "descriptor": "Chemical Spill/Release (HA1)",
        "incident_zip": "11211",
        "created_date": "2022-03-15T17:09:00.000",
        "location": {
            "latitude": "40.711716139991694",
            "human_address": "{\"address\": \"\", \"city\": \"\", \"state\": \"\", \"zip\": \"\"}",
            "needs_recoding": false,
            "longitude": "-73.94304050224267"
        },
        "city": "BROOKLYN",
        "cross_street_2": "HUMBOLDT ST",
        "closed_date": "2022-03-15T18:25:00.000",
        "park_facility_name": "Unspecified",
        "agency_name": "Department of Environmental Protection",
        "latitude": "40.711716139991694",
        "x_coordinate_state_plane": "1000041",
        "resolution_description": "The Department of Environmental Protection investigated this complaint and determined that no further action is required.",
        "incident_address": "750 GRAND STREET",
        "cross_street_1": "GRAHAM AVE",
        "community_board": "01 BROOKLYN",
        "agency": "DEP",
        "park_borough": "BROOKLYN",
        "borough": "BROOKLYN",
        "street_name": "GRAND STREET",
        "complaint_type": "Hazardous Materials",
        "longitude": "-73.94304050224267",
        "bbl": "3027890011",
        "status": "Closed",
        "unique_key": "53655374",
        "y_coordinate_state_plane": "198579",
        "resolution_action_updated_date": "2022-03-15T18:25:00.000",
        "address_type": "ADDRESS",
        "facility_type": "N/A",
        "open_data_channel_type": "ONLINE"
    },
    {
        "descriptor": "Noise: Jack Hammering (NC2)",
        "incident_zip": "11211",
        "created_date": "2022-03-15T17:06:00.000",
        "location": {
            "latitude": "40.711716139991694",
            "human_address": "{\"address\": \"\", \"city\": \"\", \"state\": \"\", \"zip\": \"\"}",
            "needs_recoding": false,
            "longitude": "-73.94304050224267"
        },
        "city": "BROOKLYN",
        "cross_street_2": "HUMBOLDT ST",
        "closed_date": "2022-03-24T12:00:00.000",
        "park_facility_name": "Unspecified",
        "agency_name": "Department of Environmental Protection",
        "latitude": "40.711716139991694",
        "x_coordinate_state_plane": "1000041",
        "resolution_description": "The Department of Environmental Protection did not observe a violation of the New York City Air/Noise Code at the time of inspection and could not issue a notice of violation. If the problem still exists, please call 311 and file a new complaint. If you are outside of New York City, please call (212) NEW-YORK (212-639-9675).",
        "incident_address": "750 GRAND STREET",
        "cross_street_1": "GRAHAM AVE",
        "community_board": "01 BROOKLYN",
        "agency": "DEP",
        "park_borough": "BROOKLYN",
        "borough": "BROOKLYN",
        "street_name": "GRAND STREET",
        "complaint_type": "Noise",
        "longitude": "-73.94304050224267",
        "bbl": "3027890011",
        "status": "Closed",
        "unique_key": "53658851",
        "y_coordinate_state_plane": "198579",
        "resolution_action_updated_date": "2022-03-24T12:00:00.000",
        "address_type": "ADDRESS",
        "facility_type": "N/A",
        "open_data_channel_type": "ONLINE"
    },
    {
        "descriptor": "Noise, Ice Cream Truck (NR4)",
        "incident_zip": "11211",
        "created_date": "2022-03-15T16:02:00.000",
        "location": {
            "latitude": "40.7119706637042",
            "human_address": "{\"address\": \"\", \"city\": \"\", \"state\": \"\", \"zip\": \"\"}",
            "needs_recoding": false,
            "longitude": "-73.96102889363786"
        },
        "city": "BROOKLYN",
        "closed_date": "2022-03-22T12:30:00.000",
        "park_facility_name": "Unspecified",
        "intersection_street_1": "SOUTH 3 STREET",
        "agency_name": "Department of Environmental Protection",
        "latitude": "40.7119706637042",
        "x_coordinate_state_plane": "995054",
        "resolution_description": "The Department of Environmental Protection did not observe a violation of the New York City Air/Noise Code at the time of inspection and could not issue a notice of violation. If the problem still exists, please call 311 and file a new complaint. If you are outside of New York City, please call (212) NEW-YORK (212-639-9675).",
        "community_board": "01 BROOKLYN",
        "agency": "DEP",
        "park_borough": "BROOKLYN",
        "borough": "BROOKLYN",
        "complaint_type": "Noise",
        "longitude": "-73.96102889363786",
        "status": "Closed",
        "unique_key": "53654265",
        "y_coordinate_state_plane": "198669",
        "resolution_action_updated_date": "2022-03-22T12:30:00.000",
        "address_type": "INTERSECTION",
        "intersection_street_2": "DRIGGS AVENUE",
        "facility_type": "N/A",
        "open_data_channel_type": "ONLINE"
    },
    {
        "descriptor": "Manhole Cover Missing (Emergency) (SA3)",
        "incident_zip": "11237",
        "created_date": "2022-03-15T14:55:00.000",
        "location": {
            "latitude": "40.71262779257026",
            "human_address": "{\"address\": \"\", \"city\": \"\", \"state\": \"\", \"zip\": \"\"}",
            "needs_recoding": false,
            "longitude": "-73.92893582057452"
        },
        "city": "BROOKLYN",
        "cross_street_2": "STEWART AVE",
        "closed_date": "2022-03-15T16:25:00.000",
        "park_facility_name": "Unspecified",
        "agency_name": "Department of Environmental Protection",
        "latitude": "40.71262779257026",
        "x_coordinate_state_plane": "1003951",
        "resolution_description": "Please call 311 for further information. If you are outside of New York City, please call (212) NEW-YORK (212-639-9675).",
        "incident_address": "184 MEADOW STREET",
        "cross_street_1": "VARICK AVE",
        "community_board": "01 BROOKLYN",
        "agency": "DEP",
        "park_borough": "BROOKLYN",
        "borough": "BROOKLYN",
        "street_name": "MEADOW STREET",
        "complaint_type": "Sewer",
        "longitude": "-73.92893582057452",
        "bbl": "3029570008",
        "status": "Closed",
        "unique_key": "53654285",
        "y_coordinate_state_plane": "198914",
        "resolution_action_updated_date": "2022-03-15T16:25:00.000",
        "address_type": "ADDRESS",
        "open_data_channel_type": "ONLINE"
    },
    {
        "descriptor": "Noise: Construction Before/After Hours (NM1)",
        "incident_zip": "11206",
        "created_date": "2022-03-15T14:03:00.000",
        "location": {
            "latitude": "40.707492227382765",
            "human_address": "{\"address\": \"\", \"city\": \"\", \"state\": \"\", \"zip\": \"\"}",
            "needs_recoding": false,
            "longitude": "-73.94951842164868"
        },
        "city": "BROOKLYN",
        "cross_street_2": "LORIMER ST",
        "closed_date": "2022-03-24T06:30:00.000",
        "park_facility_name": "Unspecified",
        "agency_name": "Department of Environmental Protection",
        "latitude": "40.707492227382765",
        "x_coordinate_state_plane": "998246",
        "resolution_description": "The Department of Environmental Protection did not observe a violation of the New York City Air/Noise Code at the time of inspection and could not issue a notice of violation. If the problem still exists, please call 311 and file a new complaint. If you are outside of New York City, please call (212) NEW-YORK (212-639-9675).",
        "incident_address": "21 MESEROLE STREET",
        "cross_street_1": "S 4 ST",
        "community_board": "01 BROOKLYN",
        "agency": "DEP",
        "park_borough": "BROOKLYN",
        "borough": "BROOKLYN",
        "street_name": "MESEROLE STREET",
        "complaint_type": "Noise",
        "longitude": "-73.94951842164868",
        "bbl": "3030400044",
        "status": "Closed",
        "unique_key": "53650789",
        "y_coordinate_state_plane": "197039",
        "resolution_action_updated_date": "2022-03-24T06:30:00.000",
        "address_type": "ADDRESS",
        "facility_type": "N/A",
        "open_data_channel_type": "ONLINE"
    },
    {
        "descriptor": "Sewer Backup (Use Comments) (SA)",
        "incident_zip": "11222",
        "created_date": "2022-03-15T12:35:00.000",
        "location": {
            "latitude": "40.72768691667307",
            "human_address": "{\"address\": \"\", \"city\": \"\", \"state\": \"\", \"zip\": \"\"}",
            "needs_recoding": false,
            "longitude": "-73.95303169962652"
        },
        "city": "BROOKLYN",
        "cross_street_2": "CALYER ST",
        "closed_date": "2022-03-15T14:15:00.000",
        "park_facility_name": "Unspecified",
        "agency_name": "Department of Environmental Protection",
        "latitude": "40.72768691667307",
        "x_coordinate_state_plane": "997268",
        "resolution_description": "The Department of Environmental Protection has investigated this complaint. Surcharge conditions have been confirmed and attributed to grease. Work was performed to relieve the blockage.",
        "incident_address": "795 MANHATTAN AVENUE",
        "cross_street_1": "MESEROLE AVE",
        "community_board": "01 BROOKLYN",
        "agency": "DEP",
        "park_borough": "BROOKLYN",
        "borough": "BROOKLYN",
        "street_name": "MANHATTAN AVENUE",
        "complaint_type": "Sewer",
        "longitude": "-73.95303169962652",
        "bbl": "3025960023",
        "status": "Closed",
        "unique_key": "53651979",
        "y_coordinate_state_plane": "204396",
        "resolution_action_updated_date": "2022-03-15T14:15:00.000",
        "address_type": "ADDRESS",
        "open_data_channel_type": "PHONE"
    },
    {
        "descriptor": "Noise: Jack Hammering (NC2)",
        "incident_zip": "11211",
        "created_date": "2022-03-15T12:25:00.000",
        "location": {
            "latitude": "40.712779850855426",
            "human_address": "{\"address\": \"\", \"city\": \"\", \"state\": \"\", \"zip\": \"\"}",
            "needs_recoding": false,
            "longitude": "-73.94055427084655"
        },
        "city": "BROOKLYN",
        "cross_street_2": "JUDGE ST",
        "closed_date": "2022-03-29T14:30:00.000",
        "park_facility_name": "Unspecified",
        "agency_name": "Department of Environmental Protection",
        "latitude": "40.712779850855426",
        "x_coordinate_state_plane": "1000730",
        "resolution_description": "The Department of Environmental Protection did not observe a violation of the New York City Air/Noise Code at the time of inspection and could not issue a notice of violation. If the problem still exists, please call 311 and file a new complaint. If you are outside of New York City, please call (212) NEW-YORK (212-639-9675).",
        "incident_address": "237 POWERS STREET",
        "cross_street_1": "BUSHWICK AVE",
        "community_board": "01 BROOKLYN",
        "agency": "DEP",
        "park_borough": "BROOKLYN",
        "borough": "BROOKLYN",
        "street_name": "POWERS STREET",
        "complaint_type": "Noise",
        "longitude": "-73.94055427084655",
        "bbl": "3029190040",
        "status": "Closed",
        "unique_key": "53654281",
        "y_coordinate_state_plane": "198967",
        "resolution_action_updated_date": "2022-03-29T14:30:00.000",
        "address_type": "ADDRESS",
        "facility_type": "N/A",
        "open_data_channel_type": "ONLINE"
    },
    {
        "descriptor": "Catch Basin Clogged/Flooding (Use Comments) (SC)",
        "incident_zip": "11222",
        "created_date": "2022-03-15T12:03:00.000",
        "location": {
            "latitude": "40.72315814663323",
            "human_address": "{\"address\": \"\", \"city\": \"\", \"state\": \"\", \"zip\": \"\"}",
            "needs_recoding": false,
            "longitude": "-73.94124851624937"
        },
        "city": "BROOKLYN",
        "cross_street_2": "DRIGGS AVE",
        "closed_date": "2022-03-23T13:00:00.000",
        "park_facility_name": "Unspecified",
        "agency_name": "Department of Environmental Protection",
        "latitude": "40.72315814663323",
        "x_coordinate_state_plane": "1000535",
        "resolution_description": "The Department of Environmental Protection inspected your complaint and determined that the catch basin is now functioning properly.  If the condition returns, please call 311 (or 212-639-9675 if calling from a non-New York City area code) to submit a new complaint.",
        "incident_address": "195 KINGSLAND AVENUE",
        "cross_street_1": "MEEKER AVE",
        "community_board": "01 BROOKLYN",
        "agency": "DEP",
        "park_borough": "BROOKLYN",
        "borough": "BROOKLYN",
        "street_name": "KINGSLAND AVENUE",
        "complaint_type": "Sewer",
        "longitude": "-73.94124851624937",
        "bbl": "3027050023",
        "status": "Closed",
        "unique_key": "53650792",
        "y_coordinate_state_plane": "202748",
        "resolution_action_updated_date": "2022-03-23T13:00:00.000",
        "address_type": "ADDRESS",
        "open_data_channel_type": "PHONE"
    },
    {
        "descriptor": "Catch Basin Clogged/Flooding (Use Comments) (SC)",
        "incident_zip": "11211",
        "created_date": "2022-03-15T11:03:00.000",
        "location": {
            "latitude": "40.70811239417098",
            "human_address": "{\"address\": \"\", \"city\": \"\", \"state\": \"\", \"zip\": \"\"}",
            "needs_recoding": false,
            "longitude": "-73.95583001201298"
        },
        "city": "BROOKLYN",
        "cross_street_2": "DIVISION AVE",
        "closed_date": "2022-03-16T07:50:00.000",
        "park_facility_name": "Unspecified",
        "agency_name": "Department of Environmental Protection",
        "latitude": "40.70811239417098",
        "x_coordinate_state_plane": "996496",
        "resolution_description": "Please call 311 for further information. If you are outside of New York City, please call (212) NEW-YORK (212-639-9675).",
        "incident_address": "288 KEAP STREET",
        "cross_street_1": "BEND",
        "community_board": "01 BROOKLYN",
        "agency": "DEP",
        "park_borough": "BROOKLYN",
        "borough": "BROOKLYN",
        "street_name": "KEAP STREET",
        "complaint_type": "Sewer",
        "longitude": "-73.95583001201298",
        "bbl": "3022010032",
        "status": "Closed",
        "unique_key": "53653154",
        "y_coordinate_state_plane": "197264",
        "resolution_action_updated_date": "2022-03-16T07:50:00.000",
        "address_type": "ADDRESS",
        "open_data_channel_type": "PHONE"
    },
    {
        "descriptor": "Catch Basin Clogged/Flooding (Use Comments) (SC)",
        "incident_zip": "11206",
        "created_date": "2022-03-15T08:17:00.000",
        "location": {
            "latitude": "40.70177922654963",
            "human_address": "{\"address\": \"\", \"city\": \"\", \"state\": \"\", \"zip\": \"\"}",
            "needs_recoding": false,
            "longitude": "-73.94697291765144"
        },
        "city": "BROOKLYN",
        "cross_street_2": "THROOP AVE",
        "closed_date": "2022-03-16T09:00:00.000",
        "park_facility_name": "Unspecified",
        "agency_name": "Department of Environmental Protection",
        "latitude": "40.70177922654963",
        "x_coordinate_state_plane": "998953",
        "resolution_description": "Please call 311 for further information. If you are outside of New York City, please call (212) NEW-YORK (212-639-9675).",
        "incident_address": "93 GERRY STREET",
        "cross_street_1": "HARRISON AVE",
        "community_board": "01 BROOKLYN",
        "agency": "DEP",
        "park_borough": "BROOKLYN",
        "borough": "BROOKLYN",
        "street_name": "GERRY STREET",
        "complaint_type": "Sewer",
        "longitude": "-73.94697291765144",
        "bbl": "3022660039",
        "status": "Closed",
        "unique_key": "53656526",
        "y_coordinate_state_plane": "194958",
        "resolution_action_updated_date": "2022-03-16T09:00:00.000",
        "address_type": "ADDRESS",
        "open_data_channel_type": "PHONE"
    },
    {
        "descriptor": "Noise: Construction Before/After Hours (NM1)",
        "incident_zip": "11222",
        "created_date": "2022-03-15T02:43:00.000",
        "location": {
            "latitude": "40.719079422128495",
            "human_address": "{\"address\": \"\", \"city\": \"\", \"state\": \"\", \"zip\": \"\"}",
            "needs_recoding": false,
            "longitude": "-73.9468725735834"
        },
        "city": "BROOKLYN",
        "cross_street_2": "BAYARD ST",
        "closed_date": "2022-03-15T05:48:00.000",
        "park_facility_name": "Unspecified",
        "agency_name": "Department of Environmental Protection",
        "latitude": "40.719079422128495",
        "x_coordinate_state_plane": "998977",
        "resolution_description": "The Department of Environmental Protection determined that this complaint is a duplicate of a previously filed complaint. The original complaint is being addressed.",
        "incident_address": "413 MANHATTAN AVENUE",
        "cross_street_1": "MEEKER AVE",
        "community_board": "01 BROOKLYN",
        "agency": "DEP",
        "park_borough": "BROOKLYN",
        "borough": "BROOKLYN",
        "street_name": "MANHATTAN AVENUE",
        "complaint_type": "Noise",
        "longitude": "-73.9468725735834",
        "bbl": "3027230031",
        "status": "Closed",
        "unique_key": "53650781",
        "y_coordinate_state_plane": "201261",
        "resolution_action_updated_date": "2022-03-15T05:48:00.000",
        "address_type": "ADDRESS",
        "facility_type": "N/A",
        "open_data_channel_type": "ONLINE"
    },
    {
        "descriptor": "Noise: Construction Before/After Hours (NM1)",
        "incident_zip": "11211",
        "created_date": "2022-03-15T00:26:00.000",
        "location": {
            "latitude": "40.71382216259796",
            "human_address": "{\"address\": \"\", \"city\": \"\", \"state\": \"\", \"zip\": \"\"}",
            "needs_recoding": false,
            "longitude": "-73.95759014923804"
        },
        "city": "BROOKLYN",
        "cross_street_2": "HAVEMEYER ST",
        "closed_date": "2022-03-15T05:46:00.000",
        "park_facility_name": "Unspecified",
        "agency_name": "Department of Environmental Protection",
        "latitude": "40.71382216259796",
        "x_coordinate_state_plane": "996007",
        "resolution_description": "The Department of Environmental Protection determined that this complaint is a duplicate of a previously filed complaint. The original complaint is being addressed.",
        "incident_address": "6 HOPE STREET",
        "cross_street_1": "ROEBLING ST",
        "community_board": "01 BROOKLYN",
        "agency": "DEP",
        "park_borough": "BROOKLYN",
        "borough": "BROOKLYN",
        "street_name": "HOPE STREET",
        "complaint_type": "Noise",
        "longitude": "-73.95759014923804",
        "bbl": "3023837504",
        "status": "Closed",
        "unique_key": "53655399",
        "y_coordinate_state_plane": "199344",
        "resolution_action_updated_date": "2022-03-15T05:46:00.000",
        "address_type": "ADDRESS",
        "facility_type": "N/A",
        "open_data_channel_type": "ONLINE"
    },
    {
        "descriptor": "Noise: Construction Before/After Hours (NM1)",
        "incident_zip": "11211",
        "created_date": "2022-03-15T00:17:00.000",
        "location": {
            "latitude": "40.71373424095598",
            "human_address": "{\"address\": \"\", \"city\": \"\", \"state\": \"\", \"zip\": \"\"}",
            "needs_recoding": false,
            "longitude": "-73.95734852307764"
        },
        "city": "BROOKLYN",
        "cross_street_2": "HAVEMEYER ST",
        "closed_date": "2022-03-15T05:46:00.000",
        "park_facility_name": "Unspecified",
        "agency_name": "Department of Environmental Protection",
        "latitude": "40.71373424095598",
        "x_coordinate_state_plane": "996074",
        "resolution_description": "The Department of Environmental Protection determined that this complaint is a duplicate of a previously filed complaint. The original complaint is being addressed.",
        "incident_address": "14 HOPE STREET",
        "cross_street_1": "ROEBLING ST",
        "community_board": "01 BROOKLYN",
        "agency": "DEP",
        "park_borough": "BROOKLYN",
        "borough": "BROOKLYN",
        "street_name": "HOPE STREET",
        "complaint_type": "Noise",
        "longitude": "-73.95734852307764",
        "bbl": "3023837503",
        "status": "Closed",
        "unique_key": "53654268",
        "y_coordinate_state_plane": "199312",
        "resolution_action_updated_date": "2022-03-15T05:46:00.000",
        "address_type": "ADDRESS",
        "facility_type": "N/A",
        "open_data_channel_type": "ONLINE"
    },
    {
        "descriptor": "Noise: Construction Before/After Hours (NM1)",
        "incident_zip": "11222",
        "created_date": "2022-03-15T00:01:00.000",
        "location": {
            "latitude": "40.71875830196515",
            "human_address": "{\"address\": \"\", \"city\": \"\", \"state\": \"\", \"zip\": \"\"}",
            "needs_recoding": false,
            "longitude": "-73.94690890423348"
        },
        "city": "BROOKLYN",
        "cross_street_2": "MANHATTAN AVE",
        "closed_date": "2022-03-15T05:48:00.000",
        "park_facility_name": "Unspecified",
        "agency_name": "Department of Environmental Protection",
        "latitude": "40.71875830196515",
        "x_coordinate_state_plane": "998967",
        "resolution_description": "The Department of Environmental Protection determined that this complaint is a duplicate of a previously filed complaint. The original complaint is being addressed.",
        "incident_address": "401 MEEKER AVENUE",
        "cross_street_1": "RICHARDSON ST",
        "community_board": "01 BROOKLYN",
        "agency": "DEP",
        "park_borough": "BROOKLYN",
        "borough": "BROOKLYN",
        "street_name": "MEEKER AVENUE",
        "complaint_type": "Noise",
        "longitude": "-73.94690890423348",
        "status": "Closed",
        "unique_key": "53650783",
        "y_coordinate_state_plane": "201144",
        "resolution_action_updated_date": "2022-03-15T05:48:00.000",
        "address_type": "ADDRESS",
        "facility_type": "N/A",
        "open_data_channel_type": "ONLINE"
    }
]