[
    {
        "metric": "Dog License Unit",
        "totalnoofcalls": "181",
        "avgspeedofanswer": "1:03",
        "callpctansweredw": "0.55",
        "month": "12",
        "year": "2021"
    },
    {
        "metric": "Providers",
        "totalnoofcalls": "625",
        "avgspeedofanswer": "0:23",
        "callpctansweredw": "0.8",
        "month": "12",
        "year": "2021"
    },
    {
        "metric": "STD",
        "totalnoofcalls": "2993",
        "avgspeedofanswer": "1:08",
        "callpctansweredw": "0.71",
        "month": "12",
        "year": "2021"
    },
    {
        "metric": "Vital Records",
        "totalnoofcalls": "7595",
        "avgspeedofanswer": "2:21",
        "callpctansweredw": "0.58",
        "month": "12",
        "year": "2021"
    },
    {
        "metric": "Dog License Unit",
        "totalnoofcalls": "242",
        "avgspeedofanswer": "1:15",
        "callpctansweredw": "0.46",
        "month": "11",
        "year": "2021"
    },
    {
        "metric": "Providers",
        "totalnoofcalls": "333",
        "avgspeedofanswer": "0:18",
        "callpctansweredw": "0.8",
        "month": "11",
        "year": "2021"
    },
    {
        "metric": "STD",
        "totalnoofcalls": "2614",
        "avgspeedofanswer": "0:53",
        "callpctansweredw": "0.75",
        "month": "11",
        "year": "2021"
    },
    {
        "metric": "Vital Records",
        "totalnoofcalls": "7882",
        "avgspeedofanswer": "3:33",
        "callpctansweredw": "0.44",
        "month": "11",
        "year": "2021"
    },
    {
        "metric": "Dog License Unit",
        "totalnoofcalls": "352",
        "avgspeedofanswer": "0:54",
        "callpctansweredw": "0.57",
        "month": "10",
        "year": "2021"
    },
    {
        "metric": "Providers",
        "totalnoofcalls": "307",
        "avgspeedofanswer": "0:12",
        "callpctansweredw": "0.89",
        "month": "10",
        "year": "2021"
    },
    {
        "metric": "STD",
        "totalnoofcalls": "2016",
        "avgspeedofanswer": "1:03",
        "callpctansweredw": "0.74",
        "month": "10",
        "year": "2021"
    },
    {
        "metric": "Vital Records",
        "totalnoofcalls": "7381",
        "avgspeedofanswer": "2:35",
        "callpctansweredw": "0.52",
        "month": "10",
        "year": "2021"
    },
    {
        "metric": "Dog License Unit",
        "totalnoofcalls": "453",
        "avgspeedofanswer": "1:48",
        "callpctansweredw": "0.41",
        "month": "9",
        "year": "2021"
    },
    {
        "metric": "Providers",
        "totalnoofcalls": "463",
        "avgspeedofanswer": "0:23",
        "callpctansweredw": "0.73",
        "month": "9",
        "year": "2021"
    },
    {
        "metric": "STD",
        "totalnoofcalls": "2193",
        "avgspeedofanswer": "0:50",
        "callpctansweredw": "0.78",
        "month": "9",
        "year": "2021"
    },
    {
        "metric": "Vital Records",
        "totalnoofcalls": "8283",
        "avgspeedofanswer": "4:24",
        "callpctansweredw": "0.37",
        "month": "9",
        "year": "2021"
    },
    {
        "metric": "Dog License Unit",
        "totalnoofcalls": "554",
        "avgspeedofanswer": "1:47",
        "callpctansweredw": "0.29",
        "month": "8",
        "year": "2021"
    },
    {
        "metric": "Providers",
        "totalnoofcalls": "719",
        "avgspeedofanswer": "0:30",
        "callpctansweredw": "0.69",
        "month": "8",
        "year": "2021"
    },
    {
        "metric": "STD",
        "totalnoofcalls": "2588",
        "avgspeedofanswer": "1:28",
        "callpctansweredw": "0.69",
        "month": "8",
        "year": "2021"
    },
    {
        "metric": "Vital Records",
        "totalnoofcalls": "8666",
        "avgspeedofanswer": "6:58",
        "callpctansweredw": "0.24",
        "month": "8",
        "year": "2021"
    },
    {
        "metric": "Dog License Unit",
        "totalnoofcalls": "570",
        "avgspeedofanswer": "1:48",
        "callpctansweredw": "0.27",
        "month": "7",
        "year": "2021"
    },
    {
        "metric": "Providers",
        "totalnoofcalls": "785",
        "avgspeedofanswer": "0:30",
        "callpctansweredw": "0.7",
        "month": "7",
        "year": "2021"
    },
    {
        "metric": "STD",
        "totalnoofcalls": "2060",
        "avgspeedofanswer": "1:24",
        "callpctansweredw": "0.63",
        "month": "7",
        "year": "2021"
    },
    {
        "metric": "Vital Records",
        "totalnoofcalls": "7602",
        "avgspeedofanswer": "17:40",
        "callpctansweredw": "0.38",
        "month": "7",
        "year": "2021"
    },
    {
        "metric": "Dog License Unit",
        "totalnoofcalls": "652",
        "avgspeedofanswer": "0:01:13",
        "callpctansweredw": "0.49",
        "month": "6",
        "year": "2021"
    },
    {
        "metric": "Providers",
        "totalnoofcalls": "682",
        "avgspeedofanswer": "0:00:23",
        "callpctansweredw": "0.8",
        "month": "6",
        "year": "2021"
    },
    {
        "metric": "STD",
        "totalnoofcalls": "2011",
        "avgspeedofanswer": "0:00:56",
        "callpctansweredw": "0.68",
        "month": "6",
        "year": "2021"
    },
    {
        "metric": "Vital Records",
        "totalnoofcalls": "4714",
        "avgspeedofanswer": "0:03:31",
        "callpctansweredw": "0.48",
        "month": "6",
        "year": "2021"
    },
    {
        "metric": "Dog License Unit",
        "totalnoofcalls": "662",
        "avgspeedofanswer": "0:00:52",
        "callpctansweredw": "0.61",
        "month": "5",
        "year": "2021"
    },
    {
        "metric": "Providers",
        "totalnoofcalls": "622",
        "avgspeedofanswer": "0:00:19",
        "callpctansweredw": "0.84",
        "month": "5",
        "year": "2021"
    },
    {
        "metric": "STD",
        "totalnoofcalls": "1786",
        "avgspeedofanswer": "0:00:49",
        "callpctansweredw": "0.72",
        "month": "5",
        "year": "2021"
    },
    {
        "metric": "Vital Records",
        "totalnoofcalls": "3064",
        "avgspeedofanswer": "0:01:07",
        "callpctansweredw": "0.66",
        "month": "5",
        "year": "2021"
    },
    {
        "metric": "Dog License Unit",
        "totalnoofcalls": "873",
        "avgspeedofanswer": "0:00:53",
        "callpctansweredw": "0.64",
        "month": "4",
        "year": "2021"
    },
    {
        "metric": "Providers",
        "totalnoofcalls": "702",
        "avgspeedofanswer": "0:00:22",
        "callpctansweredw": "0.8",
        "month": "4",
        "year": "2021"
    },
    {
        "metric": "STD",
        "totalnoofcalls": "1933",
        "avgspeedofanswer": "0:00:43",
        "callpctansweredw": "0.73",
        "month": "4",
        "year": "2021"
    },
    {
        "metric": "Vital Records",
        "totalnoofcalls": "3565",
        "avgspeedofanswer": "0:01:24",
        "callpctansweredw": "0.66",
        "month": "4",
        "year": "2021"
    },
    {
        "metric": "Dog License Unit",
        "totalnoofcalls": "794",
        "avgspeedofanswer": "0:00:29",
        "callpctansweredw": "0.74",
        "month": "3",
        "year": "2021"
    },
    {
        "metric": "Providers",
        "totalnoofcalls": "626",
        "avgspeedofanswer": "0:00:20",
        "callpctansweredw": "0.82",
        "month": "3",
        "year": "2021"
    },
    {
        "metric": "STD",
        "totalnoofcalls": "1848",
        "avgspeedofanswer": "0:00:59",
        "callpctansweredw": "0.75",
        "month": "3",
        "year": "2021"
    },
    {
        "metric": "Vital Records",
        "totalnoofcalls": "3195",
        "avgspeedofanswer": "0:01:59",
        "callpctansweredw": "0.65",
        "month": "3",
        "year": "2021"
    },
    {
        "metric": "Dog License Unit",
        "totalnoofcalls": "664",
        "avgspeedofanswer": "0:00:39",
        "callpctansweredw": "0.68",
        "month": "2",
        "year": "2021"
    },
    {
        "metric": "Providers",
        "totalnoofcalls": "505",
        "avgspeedofanswer": "0:00:19",
        "callpctansweredw": "0.85",
        "month": "2",
        "year": "2021"
    },
    {
        "metric": "STD",
        "totalnoofcalls": "1412",
        "avgspeedofanswer": "0:01:09",
        "callpctansweredw": "0.78",
        "month": "2",
        "year": "2021"
    },
    {
        "metric": "Vital Records",
        "totalnoofcalls": "3486",
        "avgspeedofanswer": "0:01:36",
        "callpctansweredw": "0.56",
        "month": "2",
        "year": "2021"
    },
    {
        "metric": "Dog License Unit",
        "totalnoofcalls": "904",
        "avgspeedofanswer": "0:00:42",
        "callpctansweredw": "0.65",
        "month": "1",
        "year": "2021"
    },
    {
        "metric": "Providers",
        "totalnoofcalls": "697",
        "avgspeedofanswer": "0:00:23",
        "callpctansweredw": "0.77",
        "month": "1",
        "year": "2021"
    },
    {
        "metric": "STD",
        "totalnoofcalls": "1854",
        "avgspeedofanswer": "0:00:42",
        "callpctansweredw": "0.83",
        "month": "1",
        "year": "2021"
    },
    {
        "metric": "Vital Records",
        "totalnoofcalls": "2459",
        "avgspeedofanswer": "0:02:04",
        "callpctansweredw": "0.56",
        "month": "1",
        "year": "2021"
    },
    {
        "metric": "Dog License Unit",
        "totalnoofcalls": "847",
        "avgspeedofanswer": "0:00:26",
        "callpctansweredw": "0.79",
        "month": "12",
        "year": "2020"
    },
    {
        "metric": "Providers",
        "totalnoofcalls": "816",
        "avgspeedofanswer": "0:00:18",
        "callpctansweredw": "0.85",
        "month": "12",
        "year": "2020"
    },
    {
        "metric": "STD",
        "totalnoofcalls": "2413",
        "avgspeedofanswer": "0:00:55",
        "callpctansweredw": "0.83",
        "month": "12",
        "year": "2020"
    },
    {
        "metric": "Vital Records",
        "totalnoofcalls": "2408",
        "avgspeedofanswer": "0:00:48",
        "callpctansweredw": "0.72",
        "month": "12",
        "year": "2020"
    },
    {
        "metric": "Dog License Unit",
        "totalnoofcalls": "937",
        "avgspeedofanswer": "0:00:48",
        "callpctansweredw": "0.61",
        "month": "11",
        "year": "2020"
    },
    {
        "metric": "Providers",
        "totalnoofcalls": "576",
        "avgspeedofanswer": "0:00:24",
        "callpctansweredw": "0.75",
        "month": "11",
        "year": "2020"
    },
    {
        "metric": "STD",
        "totalnoofcalls": "2357",
        "avgspeedofanswer": "0:01:04",
        "callpctansweredw": "0.76",
        "month": "11",
        "year": "2020"
    },
    {
        "metric": "Vital Records",
        "totalnoofcalls": "2831",
        "avgspeedofanswer": "0:01:54",
        "callpctansweredw": "0.53",
        "month": "11",
        "year": "2020"
    },
    {
        "metric": "Dog License Unit",
        "totalnoofcalls": "844",
        "avgspeedofanswer": "0:00:34",
        "callpctansweredw": "0.71",
        "month": "10",
        "year": "2020"
    },
    {
        "metric": "Providers",
        "totalnoofcalls": "549",
        "avgspeedofanswer": "0:00:22",
        "callpctansweredw": "0.81",
        "month": "10",
        "year": "2020"
    },
    {
        "metric": "STD",
        "totalnoofcalls": "2617",
        "avgspeedofanswer": "0:01:00",
        "callpctansweredw": "0.8",
        "month": "10",
        "year": "2020"
    },
    {
        "metric": "Vital Records",
        "totalnoofcalls": "3278",
        "avgspeedofanswer": "0:00:59",
        "callpctansweredw": "0.71",
        "month": "10",
        "year": "2020"
    },
    {
        "metric": "Dog License Unit",
        "totalnoofcalls": "693",
        "avgspeedofanswer": "0:00:32",
        "callpctansweredw": "0.74",
        "month": "9",
        "year": "2020"
    },
    {
        "metric": "Providers",
        "totalnoofcalls": "435",
        "avgspeedofanswer": "0:00:23",
        "callpctansweredw": "0.8",
        "month": "9",
        "year": "2020"
    },
    {
        "metric": "STD",
        "totalnoofcalls": "2470",
        "avgspeedofanswer": "0:00:53",
        "callpctansweredw": "0.82",
        "month": "9",
        "year": "2020"
    },
    {
        "metric": "Vital Records",
        "totalnoofcalls": "3069",
        "avgspeedofanswer": "0:00:59",
        "callpctansweredw": "0.69",
        "month": "9",
        "year": "2020"
    },
    {
        "metric": "Dog License Unit",
        "totalnoofcalls": "634",
        "avgspeedofanswer": "0:00:25",
        "callpctansweredw": "0.85",
        "month": "8",
        "year": "2020"
    },
    {
        "metric": "Providers",
        "totalnoofcalls": "325",
        "avgspeedofanswer": "0:00:25",
        "callpctansweredw": "0.79",
        "month": "8",
        "year": "2020"
    },
    {
        "metric": "STD",
        "totalnoofcalls": "2466",
        "avgspeedofanswer": "0:00:47",
        "callpctansweredw": "0.83",
        "month": "8",
        "year": "2020"
    },
    {
        "metric": "Vital Records",
        "totalnoofcalls": "2254",
        "avgspeedofanswer": "0:00:29",
        "callpctansweredw": "0.84",
        "month": "8",
        "year": "2020"
    },
    {
        "metric": "Dog License Unit",
        "totalnoofcalls": "563",
        "avgspeedofanswer": "0:00:23",
        "callpctansweredw": "0.87",
        "month": "7",
        "year": "2020"
    },
    {
        "metric": "Providers",
        "totalnoofcalls": "251",
        "avgspeedofanswer": "0:00:23",
        "callpctansweredw": "0.82",
        "month": "7",
        "year": "2020"
    },
    {
        "metric": "STD",
        "totalnoofcalls": "2878",
        "avgspeedofanswer": "0:00:39",
        "callpctansweredw": "0.84",
        "month": "7",
        "year": "2020"
    },
    {
        "metric": "Vital Records",
        "totalnoofcalls": "2316",
        "avgspeedofanswer": "0:00:36",
        "callpctansweredw": "0.82",
        "month": "7",
        "year": "2020"
    },
    {
        "metric": "Dog License Unit",
        "totalnoofcalls": "202",
        "avgspeedofanswer": "0:00:19",
        "callpctansweredw": "0.93",
        "month": "6",
        "year": "2020"
    },
    {
        "metric": "Providers",
        "totalnoofcalls": "328",
        "avgspeedofanswer": "0:00:24",
        "callpctansweredw": "0.85",
        "month": "6",
        "year": "2020"
    },
    {
        "metric": "STD",
        "totalnoofcalls": "1870",
        "avgspeedofanswer": "0:00:37",
        "callpctansweredw": "0.78",
        "month": "6",
        "year": "2020"
    },
    {
        "metric": "Vital Records",
        "totalnoofcalls": "2710",
        "avgspeedofanswer": "0:00:21",
        "callpctansweredw": "0.89",
        "month": "6",
        "year": "2020"
    },
    {
        "metric": "Dog License Unit",
        "totalnoofcalls": "133",
        "avgspeedofanswer": "0:00:19",
        "callpctansweredw": "0.9",
        "month": "5",
        "year": "2020"
    },
    {
        "metric": "Providers",
        "totalnoofcalls": "400",
        "avgspeedofanswer": "0:00:20",
        "callpctansweredw": "0.9",
        "month": "5",
        "year": "2020"
    },
    {
        "metric": "STD",
        "totalnoofcalls": "1155",
        "avgspeedofanswer": "0:00:53",
        "callpctansweredw": "0.7",
        "month": "5",
        "year": "2020"
    },
    {
        "metric": "Vital Records",
        "totalnoofcalls": "2076",
        "avgspeedofanswer": "0:00:22",
        "callpctansweredw": "0.86",
        "month": "5",
        "year": "2020"
    },
    {
        "metric": "Dog License Unit",
        "totalnoofcalls": "36",
        "avgspeedofanswer": "0:00:42",
        "callpctansweredw": "0.88",
        "month": "4",
        "year": "2020"
    },
    {
        "metric": "Providers",
        "totalnoofcalls": "632",
        "avgspeedofanswer": "0:00:22",
        "callpctansweredw": "0.9",
        "month": "4",
        "year": "2020"
    },
    {
        "metric": "STD",
        "totalnoofcalls": "874",
        "avgspeedofanswer": "0:01:03",
        "callpctansweredw": "0.73",
        "month": "4",
        "year": "2020"
    },
    {
        "metric": "Vital Records",
        "totalnoofcalls": "1400",
        "avgspeedofanswer": "0:00:22",
        "callpctansweredw": "0.91",
        "month": "4",
        "year": "2020"
    },
    {
        "metric": "Dog License Unit",
        "totalnoofcalls": "206",
        "avgspeedofanswer": "0:01:41",
        "callpctansweredw": "0.48",
        "month": "3",
        "year": "2020"
    },
    {
        "metric": "Providers",
        "totalnoofcalls": "3233",
        "avgspeedofanswer": "0:01:39",
        "callpctansweredw": "0.46",
        "month": "3",
        "year": "2020"
    },
    {
        "metric": "STD",
        "totalnoofcalls": "602",
        "avgspeedofanswer": "0:00:56",
        "callpctansweredw": "0.77",
        "month": "3",
        "year": "2020"
    },
    {
        "metric": "Vital Records",
        "totalnoofcalls": "4054",
        "avgspeedofanswer": "0:05:57",
        "callpctansweredw": "0.28",
        "month": "3",
        "year": "2020"
    },
    {
        "metric": "Dog License Unit",
        "totalnoofcalls": "330",
        "avgspeedofanswer": "0:00:16",
        "callpctansweredw": "0.85",
        "month": "2",
        "year": "2020"
    },
    {
        "metric": "Providers",
        "totalnoofcalls": "280",
        "avgspeedofanswer": "0:00:16",
        "callpctansweredw": "0.86",
        "month": "2",
        "year": "2020"
    },
    {
        "metric": "STD",
        "totalnoofcalls": "707",
        "avgspeedofanswer": "0:00:11",
        "callpctansweredw": "0.92",
        "month": "2",
        "year": "2020"
    },
    {
        "metric": "Vital Records",
        "totalnoofcalls": "6166",
        "avgspeedofanswer": "0:01:16",
        "callpctansweredw": "0.65",
        "month": "2",
        "year": "2020"
    },
    {
        "metric": "Dog License Unit",
        "totalnoofcalls": "437",
        "avgspeedofanswer": "0:00:15",
        "callpctansweredw": "0.87",
        "month": "1",
        "year": "2020"
    },
    {
        "metric": "Providers",
        "totalnoofcalls": "450",
        "avgspeedofanswer": "0:00:14",
        "callpctansweredw": "0.88",
        "month": "1",
        "year": "2020"
    },
    {
        "metric": "STD",
        "totalnoofcalls": "778",
        "avgspeedofanswer": "0:00:18",
        "callpctansweredw": "0.87",
        "month": "1",
        "year": "2020"
    },
    {
        "metric": "Vital Records",
        "totalnoofcalls": "6326",
        "avgspeedofanswer": "0:01:06",
        "callpctansweredw": "0.68",
        "month": "1",
        "year": "2020"
    },
    {
        "metric": "Dog License Unit",
        "totalnoofcalls": "342",
        "avgspeedofanswer": "0:00:11",
        "callpctansweredw": "0.92",
        "month": "12",
        "year": "2019"
    },
    {
        "metric": "Providers",
        "totalnoofcalls": "282",
        "avgspeedofanswer": "0:00:13",
        "callpctansweredw": "0.9",
        "month": "12",
        "year": "2019"
    },
    {
        "metric": "STD",
        "totalnoofcalls": "681",
        "avgspeedofanswer": "0:00:14",
        "callpctansweredw": "0.91",
        "month": "12",
        "year": "2019"
    },
    {
        "metric": "Vital Records",
        "totalnoofcalls": "4803",
        "avgspeedofanswer": "0:00:41",
        "callpctansweredw": "0.79",
        "month": "12",
        "year": "2019"
    },
    {
        "metric": "Dog License Unit",
        "totalnoofcalls": "270",
        "avgspeedofanswer": "0:00:14",
        "callpctansweredw": "0.88",
        "month": "11",
        "year": "2019"
    },
    {
        "metric": "Providers",
        "totalnoofcalls": "295",
        "avgspeedofanswer": "0:00:12",
        "callpctansweredw": "0.9",
        "month": "11",
        "year": "2019"
    },
    {
        "metric": "STD",
        "totalnoofcalls": "753",
        "avgspeedofanswer": "0:00:11",
        "callpctansweredw": "0.93",
        "month": "11",
        "year": "2019"
    },
    {
        "metric": "Vital Records",
        "totalnoofcalls": "4489",
        "avgspeedofanswer": "0:01:38",
        "callpctansweredw": "0.67",
        "month": "11",
        "year": "2019"
    },
    {
        "metric": "Dog License Unit",
        "totalnoofcalls": "379",
        "avgspeedofanswer": "0:00:15",
        "callpctansweredw": "0.88",
        "month": "10",
        "year": "2019"
    },
    {
        "metric": "Providers",
        "totalnoofcalls": "379",
        "avgspeedofanswer": "0:00:12",
        "callpctansweredw": "0.92",
        "month": "10",
        "year": "2019"
    },
    {
        "metric": "STD",
        "totalnoofcalls": "846",
        "avgspeedofanswer": "0:00:16",
        "callpctansweredw": "0.9",
        "month": "10",
        "year": "2019"
    },
    {
        "metric": "Vital Records",
        "totalnoofcalls": "5361",
        "avgspeedofanswer": "0:02:37",
        "callpctansweredw": "0.63",
        "month": "10",
        "year": "2019"
    },
    {
        "metric": "Dog License Unit",
        "totalnoofcalls": "421",
        "avgspeedofanswer": "0:00:19",
        "callpctansweredw": "0.83",
        "month": "9",
        "year": "2019"
    },
    {
        "metric": "Providers",
        "totalnoofcalls": "343",
        "avgspeedofanswer": "0:00:17",
        "callpctansweredw": "0.83",
        "month": "9",
        "year": "2019"
    },
    {
        "metric": "STD",
        "totalnoofcalls": "801",
        "avgspeedofanswer": "0:00:14",
        "callpctansweredw": "0.9",
        "month": "9",
        "year": "2019"
    },
    {
        "metric": "Vital Records",
        "totalnoofcalls": "4606",
        "avgspeedofanswer": "0:04:07",
        "callpctansweredw": "0.52",
        "month": "9",
        "year": "2019"
    },
    {
        "metric": "Dog License Unit",
        "totalnoofcalls": "402",
        "avgspeedofanswer": "0:00:41",
        "callpctansweredw": "0.69",
        "month": "8",
        "year": "2019"
    },
    {
        "metric": "Providers",
        "totalnoofcalls": "339",
        "avgspeedofanswer": "0:00:18",
        "callpctansweredw": "0.83",
        "month": "8",
        "year": "2019"
    },
    {
        "metric": "STD",
        "totalnoofcalls": "822",
        "avgspeedofanswer": "0:00:15",
        "callpctansweredw": "0.89",
        "month": "8",
        "year": "2019"
    },
    {
        "metric": "Vital Records",
        "totalnoofcalls": "5340",
        "avgspeedofanswer": "0:04:00",
        "callpctansweredw": "0.44",
        "month": "8",
        "year": "2019"
    },
    {
        "metric": "Dog License Unit",
        "totalnoofcalls": "441",
        "avgspeedofanswer": "0:00:32",
        "callpctansweredw": "0.72",
        "month": "7",
        "year": "2019"
    },
    {
        "metric": "Providers",
        "totalnoofcalls": "421",
        "avgspeedofanswer": "0:00:19",
        "callpctansweredw": "0.82",
        "month": "7",
        "year": "2019"
    },
    {
        "metric": "STD",
        "totalnoofcalls": "913",
        "avgspeedofanswer": "0:00:25",
        "callpctansweredw": "0.86",
        "month": "7",
        "year": "2019"
    },
    {
        "metric": "Vital Records",
        "totalnoofcalls": "5886",
        "avgspeedofanswer": "0:03:38",
        "callpctansweredw": "0.44",
        "month": "7",
        "year": "2019"
    },
    {
        "metric": "Dog License Unit",
        "totalnoofcalls": "276",
        "avgspeedofanswer": "0:00:22",
        "callpctansweredw": "0.82",
        "month": "6",
        "year": "2019"
    },
    {
        "metric": "Providers",
        "totalnoofcalls": "444",
        "avgspeedofanswer": "0:00:13",
        "callpctansweredw": "0.89",
        "month": "6",
        "year": "2019"
    },
    {
        "metric": "STD",
        "totalnoofcalls": "800",
        "avgspeedofanswer": "0:00:26",
        "callpctansweredw": "0.82",
        "month": "6",
        "year": "2019"
    },
    {
        "metric": "Vital Records",
        "totalnoofcalls": "5371",
        "avgspeedofanswer": "0:01:20",
        "callpctansweredw": "0.67",
        "month": "6",
        "year": "2019"
    },
    {
        "metric": "Dog License Unit",
        "totalnoofcalls": "378",
        "avgspeedofanswer": "0:00:43",
        "callpctansweredw": "0.7",
        "month": "5",
        "year": "2019"
    },
    {
        "metric": "Providers",
        "totalnoofcalls": "614",
        "avgspeedofanswer": "0:00:19",
        "callpctansweredw": "0.83",
        "month": "5",
        "year": "2019"
    },
    {
        "metric": "STD",
        "totalnoofcalls": "911",
        "avgspeedofanswer": "0:00:22",
        "callpctansweredw": "0.85",
        "month": "5",
        "year": "2019"
    },
    {
        "metric": "Vital Records",
        "totalnoofcalls": "5656",
        "avgspeedofanswer": "0:03:54",
        "callpctansweredw": "0.49",
        "month": "5",
        "year": "2019"
    },
    {
        "metric": "Dog License Unit",
        "totalnoofcalls": "386",
        "avgspeedofanswer": "0:00:36",
        "callpctansweredw": "0.74",
        "month": "4",
        "year": "2019"
    },
    {
        "metric": "Providers",
        "totalnoofcalls": "627",
        "avgspeedofanswer": "0:00:18",
        "callpctansweredw": "0.83",
        "month": "4",
        "year": "2019"
    },
    {
        "metric": "STD",
        "totalnoofcalls": "843",
        "avgspeedofanswer": "0:00:34",
        "callpctansweredw": "0.8",
        "month": "4",
        "year": "2019"
    },
    {
        "metric": "Vital Records",
        "totalnoofcalls": "6106",
        "avgspeedofanswer": "0:03:46",
        "callpctansweredw": "0.46",
        "month": "4",
        "year": "2019"
    },
    {
        "metric": "Dog License Unit",
        "totalnoofcalls": "314",
        "avgspeedofanswer": "0:00:35",
        "callpctansweredw": "0.71",
        "month": "3",
        "year": "2019"
    },
    {
        "metric": "Providers",
        "totalnoofcalls": "428",
        "avgspeedofanswer": "0:00:23",
        "callpctansweredw": "0.76",
        "month": "3",
        "year": "2019"
    },
    {
        "metric": "STD",
        "totalnoofcalls": "833",
        "avgspeedofanswer": "0:00:35",
        "callpctansweredw": "0.77",
        "month": "3",
        "year": "2019"
    },
    {
        "metric": "Vital Records",
        "totalnoofcalls": "6204",
        "avgspeedofanswer": "0:05:17",
        "callpctansweredw": "0.4",
        "month": "3",
        "year": "2019"
    },
    {
        "metric": "Dog License Unit",
        "totalnoofcalls": "273",
        "avgspeedofanswer": "0:00:23",
        "callpctansweredw": "0.73",
        "month": "2",
        "year": "2019"
    },
    {
        "metric": "Providers",
        "totalnoofcalls": "315",
        "avgspeedofanswer": "0:00:13",
        "callpctansweredw": "0.89",
        "month": "2",
        "year": "2019"
    },
    {
        "metric": "STD",
        "totalnoofcalls": "837",
        "avgspeedofanswer": "0:00:23",
        "callpctansweredw": "0.84",
        "month": "2",
        "year": "2019"
    },
    {
        "metric": "Vital Records",
        "totalnoofcalls": "5991",
        "avgspeedofanswer": "0:05:08",
        "callpctansweredw": "0.43",
        "month": "2",
        "year": "2019"
    },
    {
        "metric": "Dog License Unit",
        "totalnoofcalls": "345",
        "avgspeedofanswer": "0:00:23",
        "callpctansweredw": "0.81",
        "month": "1",
        "year": "2019"
    },
    {
        "metric": "Providers",
        "totalnoofcalls": "384",
        "avgspeedofanswer": "0:00:21",
        "callpctansweredw": "0.78",
        "month": "1",
        "year": "2019"
    },
    {
        "metric": "STD",
        "totalnoofcalls": "961",
        "avgspeedofanswer": "0:00:35",
        "callpctansweredw": "0.77",
        "month": "1",
        "year": "2019"
    },
    {
        "metric": "Vital Records",
        "totalnoofcalls": "5761",
        "avgspeedofanswer": "0:01:45",
        "callpctansweredw": "0.59",
        "month": "1",
        "year": "2019"
    }
]