[
    {
        "facilityname": "Engine 4/Ladder 15",
        "facilityaddress": "42 South Street",
        "borough": "Manhattan",
        "postcode": "10005",
        "latitude": "40.703694",
        "longitude": "-74.007717",
        "community_board": "101",
        "community_council": "1",
        "census_tract": "7",
        "bin": "1000867",
        "bbl": "1000350001",
        "nta": "Battery Park City-Lower Manhattan"
    },
    {
        "facilityname": "Engine 6",
        "facilityaddress": "49 Beekman Street",
        "borough": "Manhattan",
        "postcode": "10038",
        "latitude": "40.709971",
        "longitude": "-74.005395",
        "community_board": "101",
        "community_council": "1",
        "census_tract": "1501",
        "bin": "1001287",
        "bbl": "1000930030",
        "nta": "Battery Park City-Lower Manhattan"
    },
    {
        "facilityname": "Manhattan Borough Command/Battalion 1/Engine 7/Ladder 1",
        "facilityaddress": "100 Duane Street",
        "borough": "Manhattan",
        "postcode": "10007",
        "latitude": "40.715339",
        "longitude": "-74.0063",
        "community_board": "101",
        "community_council": "1",
        "census_tract": "33",
        "bin": "1001647",
        "bbl": "1001500025",
        "nta": "SoHo-TriBeCa-Civic Center-Little Italy"
    },
    {
        "facilityname": "Ladder 8",
        "facilityaddress": "14 N. Moore Street",
        "borough": "Manhattan",
        "postcode": "10013",
        "latitude": "40.719574",
        "longitude": "-74.00662",
        "community_board": "101",
        "community_council": "1",
        "census_tract": "33",
        "bin": "1002150",
        "bbl": "1001890035",
        "nta": "SoHo-TriBeCa-Civic Center-Little Italy"
    },
    {
        "facilityname": "Engine 9/Ladder 6",
        "facilityaddress": "75 Canal Street",
        "borough": "Manhattan",
        "postcode": "10002",
        "latitude": "40.715408",
        "longitude": "-73.992834",
        "community_board": "103",
        "community_council": "1",
        "census_tract": "16",
        "bin": "1003898",
        "bbl": "1003000030",
        "nta": "Chinatown"
    },
    {
        "facilityname": "Battalion 4/Engine 15/Ladder 18",
        "facilityaddress": "25 Pitt Street",
        "borough": "Manhattan",
        "postcode": "10002",
        "latitude": "40.716439",
        "longitude": "-73.983927",
        "community_board": "103",
        "community_council": "1",
        "census_tract": "12",
        "bin": "1004078",
        "bbl": "1003420060",
        "nta": "Lower East Side"
    },
    {
        "facilityname": "Engine 28/Ladder 11",
        "facilityaddress": "222 East 2 Street",
        "borough": "Manhattan",
        "postcode": "10009",
        "latitude": "40.721879",
        "longitude": "-73.982526",
        "community_board": "103",
        "community_council": "2",
        "census_tract": "2202",
        "bin": "1004608",
        "bbl": "1003850058",
        "nta": "Lower East Side"
    },
    {
        "facilityname": "Engine 5",
        "facilityaddress": "340 East 14 Street",
        "borough": "Manhattan",
        "postcode": "10003",
        "latitude": "40.731494",
        "longitude": "-73.983407",
        "community_board": "103",
        "community_council": "2",
        "census_tract": "40",
        "bin": "1006520",
        "bbl": "1004550028",
        "nta": "East Village"
    },
    {
        "facilityname": "Division 1/Ladder 20",
        "facilityaddress": "253 Lafayette Street",
        "borough": "Manhattan",
        "postcode": "10012",
        "latitude": "40.723026",
        "longitude": "-73.996571",
        "community_board": "102",
        "community_council": "1",
        "census_tract": "43",
        "bin": "1007523",
        "bbl": "1004950007",
        "nta": "SoHo-TriBeCa-Civic Center-Little Italy"
    },
    {
        "facilityname": "Engine 33/Ladder 9",
        "facilityaddress": "42 Great Jones Street",
        "borough": "Manhattan",
        "postcode": "10012",
        "latitude": "40.726986",
        "longitude": "-73.992526",
        "community_board": "102",
        "community_council": "1",
        "census_tract": "5502",
        "bin": "1008526",
        "bbl": "1005310049",
        "nta": "West Village"
    },
    {
        "facilityname": "Battalion 6/Ladder 3",
        "facilityaddress": "108 East 13 Street",
        "borough": "Manhattan",
        "postcode": "10003",
        "latitude": "40.733093",
        "longitude": "-73.989443",
        "community_board": "103",
        "community_council": "2",
        "census_tract": "42",
        "bin": "1009010",
        "bbl": "1005580011",
        "nta": "East Village"
    },
    {
        "facilityname": "Squad 18",
        "facilityaddress": "132 West 10 Street",
        "borough": "Manhattan",
        "postcode": "10014",
        "latitude": "40.734518",
        "longitude": "-74.000381",
        "community_board": "102",
        "community_council": "3",
        "census_tract": "71",
        "bin": "1010686",
        "bbl": "1006100051",
        "nta": "West Village"
    },
    {
        "facilityname": "Engine 34/Ladder 21",
        "facilityaddress": "440 West 38th Street",
        "borough": "Manhattan",
        "postcode": "10018",
        "latitude": "40.756593",
        "longitude": "-73.996471",
        "community_board": "104",
        "community_council": "3",
        "census_tract": "111",
        "bin": "1012982",
        "bbl": "1007350061",
        "nta": "Hudson Yards-Chelsea-Flatiron-Union Square"
    },
    {
        "facilityname": "Engine 26",
        "facilityaddress": "220 West 37 Street",
        "borough": "Manhattan",
        "postcode": "10018",
        "latitude": "40.753107",
        "longitude": "-73.990376",
        "community_board": "105",
        "community_council": "3",
        "census_tract": "109",
        "bin": "1014447",
        "bbl": "1007860061",
        "nta": "Midtown-Midtown South"
    },
    {
        "facilityname": "Battalion 7/Engine 3/Ladder 12",
        "facilityaddress": "150 West 19 Street",
        "borough": "Manhattan",
        "postcode": "10011",
        "latitude": "40.741196",
        "longitude": "-73.996868",
        "community_board": "104",
        "community_council": "3",
        "census_tract": "87",
        "bin": "1014724",
        "bbl": "1007940066",
        "nta": "Hudson Yards-Chelsea-Flatiron-Union Square"
    },
    {
        "facilityname": "Engine 1/Ladder 24",
        "facilityaddress": "142 West 31 Street",
        "borough": "Manhattan",
        "postcode": "10001",
        "latitude": "40.748474",
        "longitude": "-73.991188",
        "community_board": "105",
        "community_council": "3",
        "census_tract": "101",
        "bin": "1015173",
        "bbl": "1008060066",
        "nta": "Midtown-Midtown South"
    },
    {
        "facilityname": "Engine 14",
        "facilityaddress": "14 East 18 Street",
        "borough": "Manhattan",
        "postcode": "10003",
        "latitude": "40.737948",
        "longitude": "-73.991035",
        "community_board": "105",
        "community_council": "2",
        "census_tract": "52",
        "bin": "1016141",
        "bbl": "1008460066",
        "nta": "Hudson Yards-Chelsea-Flatiron-Union Square"
    },
    {
        "facilityname": "Engine 16/Ladder 7",
        "facilityaddress": "234 East 29 Street",
        "borough": "Manhattan",
        "postcode": "10016",
        "latitude": "40.741676",
        "longitude": "-73.97888",
        "community_board": "106",
        "community_council": "2",
        "census_tract": "66",
        "bin": "1019903",
        "bbl": "1009090035",
        "nta": "Murray Hill-Kips Bay"
    },
    {
        "facilityname": "Engine 21",
        "facilityaddress": "238 East 40 Street",
        "borough": "Manhattan",
        "postcode": "10016",
        "latitude": "40.748642",
        "longitude": "-73.974027",
        "community_board": "106",
        "community_council": "4",
        "census_tract": "88",
        "bin": "1020385",
        "bbl": "1009200042",
        "nta": "Turtle Bay-East Midtown"
    },
    {
        "facilityname": "Battalion 9/Engine 54/Ladder 4",
        "facilityaddress": "782 Eighth Avenue",
        "borough": "Manhattan",
        "postcode": "10036",
        "latitude": "40.76072",
        "longitude": "-73.986793",
        "community_board": "105",
        "community_council": "3",
        "census_tract": "125",
        "bin": "1024767",
        "bbl": "1010190061",
        "nta": "Midtown-Midtown South"
    },
    {
        "facilityname": "Engine 23",
        "facilityaddress": "215 W 58th Street",
        "borough": "Manhattan",
        "postcode": "10019",
        "latitude": "40.766699",
        "longitude": "-73.980368",
        "community_board": "105",
        "community_council": "4",
        "census_tract": "137",
        "bin": "1024915",
        "bbl": "1010300023",
        "nta": "Midtown-Midtown South"
    },
    {
        "facilityname": "Engine 40/Ladder 35",
        "facilityaddress": "131 Amsterdam Avenue",
        "borough": "Manhattan",
        "postcode": "10023",
        "latitude": "40.774562",
        "longitude": "-73.984225",
        "community_board": "107",
        "community_council": "6",
        "census_tract": "149",
        "bin": "1028836",
        "bbl": "1011370061",
        "nta": "Lincoln Square"
    },
    {
        "facilityname": "Division 3/Ladder 25",
        "facilityaddress": "207 West 77th Street",
        "borough": "Manhattan",
        "postcode": "10024",
        "latitude": "40.78223",
        "longitude": "-73.979841",
        "community_board": "107",
        "community_council": "6",
        "census_tract": "163",
        "bin": "1030885",
        "bbl": "1011690026",
        "nta": "Upper West Side"
    },
    {
        "facilityname": "Engine 74",
        "facilityaddress": "120 West 83 Street",
        "borough": "Manhattan",
        "postcode": "10024",
        "latitude": "40.784697",
        "longitude": "-73.974602",
        "community_board": "107",
        "community_council": "6",
        "census_tract": "169",
        "bin": "1032079",
        "bbl": "1012130041",
        "nta": "Upper West Side"
    },
    {
        "facilityname": "Battalion 8/Engine 8/Ladder 2",
        "facilityaddress": "165 East 51 Street",
        "borough": "Manhattan",
        "postcode": "10022",
        "latitude": "40.756891",
        "longitude": "-73.970805",
        "community_board": "106",
        "community_council": "4",
        "census_tract": "100",
        "bin": "1036462",
        "bbl": "1013060033",
        "nta": "Turtle Bay-East Midtown"
    },
    {
        "facilityname": "Engine 44",
        "facilityaddress": "221 East 75 Street",
        "borough": "Manhattan",
        "postcode": "10021",
        "latitude": "40.771454",
        "longitude": "-73.958154",
        "community_board": "108",
        "community_council": "4",
        "census_tract": "134",
        "bin": "1044059",
        "bbl": "1014300010",
        "nta": "Lenox Hill-Roosevelt Island"
    },
    {
        "facilityname": "Battalion 10/Engine 22/Ladder 13",
        "facilityaddress": "159 East 85 Street",
        "borough": "Manhattan",
        "postcode": "10028",
        "latitude": "40.778622",
        "longitude": "-73.955311",
        "community_board": "108",
        "community_council": "5",
        "census_tract": "14801",
        "bin": "1047937",
        "bbl": "1015140027",
        "nta": "Upper East Side-Carnegie Hill"
    },
    {
        "facilityname": "Engine 58/Ladder 26",
        "facilityaddress": "1367 Fifth Avenue",
        "borough": "Manhattan",
        "postcode": "10029",
        "latitude": "40.798913",
        "longitude": "-73.947333",
        "community_board": "111",
        "community_council": "9",
        "census_tract": "184",
        "bin": "1051632",
        "bbl": "1016180014",
        "nta": "East Harlem North"
    },
    {
        "facilityname": "Engine 53/Ladder 43",
        "facilityaddress": "1836 Third Avenue",
        "borough": "Manhattan",
        "postcode": "10029",
        "latitude": "40.788923",
        "longitude": "-73.946985",
        "community_board": "111",
        "community_council": "8",
        "census_tract": "166",
        "bin": "1051850",
        "bbl": "1016290040",
        "nta": "East Harlem South"
    },
    {
        "facilityname": "Engine 91",
        "facilityaddress": "242 East 111 Street",
        "borough": "Manhattan",
        "postcode": "10029",
        "latitude": "40.793843",
        "longitude": "-73.940791",
        "community_board": "111",
        "community_council": "8",
        "census_tract": "180",
        "bin": "1052473",
        "bbl": "1016600030",
        "nta": "East Harlem North"
    },
    {
        "facilityname": "Battalion 12/Engine 35/Ladder 14",
        "facilityaddress": "2282 Third Avenue",
        "borough": "Manhattan",
        "postcode": "10035",
        "latitude": "40.803297",
        "longitude": "-73.936522",
        "community_board": "111",
        "community_council": "8",
        "census_tract": "196",
        "bin": "1054465",
        "bbl": "1017730033",
        "nta": "East Harlem North"
    },
    {
        "facilityname": "Battalion 11/Engine 76/Ladder 22",
        "facilityaddress": "145 West 100th St.",
        "borough": "Manhattan",
        "postcode": "10025",
        "latitude": "40.796449",
        "longitude": "-73.967261",
        "community_board": "107",
        "community_council": "7",
        "census_tract": "189",
        "bin": "1055910",
        "bbl": "1018550005",
        "nta": "Upper West Side"
    },
    {
        "facilityname": "Engine 47",
        "facilityaddress": "500 West 113 Street",
        "borough": "Manhattan",
        "postcode": "10025",
        "latitude": "40.804946",
        "longitude": "-73.962932",
        "community_board": "109",
        "community_council": "7",
        "census_tract": "199",
        "bin": "1056999",
        "bbl": "1018840038",
        "nta": "Morningside Heights"
    },
    {
        "facilityname": "Engine 59/Ladder 30",
        "facilityaddress": "111 West 133 Street",
        "borough": "Manhattan",
        "postcode": "10030",
        "latitude": "40.813332",
        "longitude": "-73.94245",
        "community_board": "110",
        "community_council": "9",
        "census_tract": "226",
        "bin": "1058225",
        "bbl": "1019180024",
        "nta": "Central Harlem North-Polo Grounds"
    },
    {
        "facilityname": "Engine 37/Ladder 40",
        "facilityaddress": "415 West 125 Street",
        "borough": "Manhattan",
        "postcode": "10027",
        "latitude": "40.811921",
        "longitude": "-73.9546",
        "community_board": "109",
        "community_council": "7",
        "census_tract": "20901",
        "bin": "1059547",
        "bbl": "1019660061",
        "nta": "Morningside Heights"
    },
    {
        "facilityname": "Engine 84/Ladder 34",
        "facilityaddress": "513 West 161 Street",
        "borough": "Manhattan",
        "postcode": "10032",
        "latitude": "40.835918",
        "longitude": "-73.940959",
        "community_board": "112",
        "community_council": "7",
        "census_tract": "245",
        "bin": "1062872",
        "bbl": "1021200046",
        "nta": "Washington Heights South"
    },
    {
        "facilityname": "Engine 95/Ladder 36",
        "facilityaddress": "29 Vermilyea Avenue",
        "borough": "Manhattan",
        "postcode": "10034",
        "latitude": "40.864897",
        "longitude": "-73.925154",
        "community_board": "112",
        "community_council": "10",
        "census_tract": "291",
        "bin": "1064801",
        "bbl": "1022240015",
        "nta": "Marble Hill-Inwood"
    },
    {
        "facilityname": "Engine 55",
        "facilityaddress": "363 Broome Street",
        "borough": "Manhattan",
        "postcode": "10013",
        "latitude": "40.719841",
        "longitude": "-73.99576",
        "community_board": "102",
        "community_council": "1",
        "census_tract": "41",
        "bin": "1066722",
        "bbl": "1004700012",
        "nta": "SoHo-TriBeCa-Civic Center-Little Italy"
    },
    {
        "facilityname": "Rescue 1",
        "facilityaddress": "530 West 43 Street",
        "borough": "Manhattan",
        "postcode": "10036",
        "latitude": "40.760727",
        "longitude": "-73.996616",
        "community_board": "104",
        "community_council": "3",
        "census_tract": "129",
        "bin": "1070109",
        "bbl": "1010710049",
        "nta": "Clinton"
    },
    {
        "facilityname": "Engine 39/Ladder 16",
        "facilityaddress": "157 E 67th St",
        "borough": "Manhattan",
        "postcode": "10065",
        "latitude": "40.767062",
        "longitude": "-73.963612",
        "community_board": "108",
        "community_council": "4",
        "census_tract": "120",
        "bin": "1072190",
        "bbl": "1014020029",
        "nta": "Upper East Side-Carnegie Hill"
    },
    {
        "facilityname": "Battalion 16/Engine 69/Ladder 28",
        "facilityaddress": "248 West 143 Street",
        "borough": "Manhattan",
        "postcode": "10030",
        "latitude": "40.820847",
        "longitude": "-73.941821",
        "community_board": "110",
        "community_council": "9",
        "census_tract": "232",
        "bin": "1075491",
        "bbl": "1020280051",
        "nta": "Central Harlem North-Polo Grounds"
    },
    {
        "facilityname": "Engine 80/Ladder 23",
        "facilityaddress": "503 West 139 Street",
        "borough": "Manhattan",
        "postcode": "10031",
        "latitude": "40.821948",
        "longitude": "-73.950762",
        "community_board": "109",
        "community_council": "7",
        "census_tract": "225",
        "bin": "1075504",
        "bbl": "1020710027",
        "nta": "Hamilton Heights"
    },
    {
        "facilityname": "Battalion 13/Engine 93/Ladder 45",
        "facilityaddress": "515 West 181 Street",
        "borough": "Manhattan",
        "postcode": "10033",
        "latitude": "40.848722",
        "longitude": "-73.931662",
        "community_board": "112",
        "community_council": "10",
        "census_tract": "269",
        "bin": "1075518",
        "bbl": "1021550030",
        "nta": "Washington Heights North"
    },
    {
        "facilityname": "Engine 10/Ladder 10",
        "facilityaddress": "124 Liberty Street",
        "borough": "Manhattan",
        "postcode": "10006",
        "latitude": "40.709819",
        "longitude": "-74.012608",
        "community_board": "101",
        "community_council": "1",
        "census_tract": "13",
        "bin": "1075700",
        "bbl": "1000520022",
        "nta": "Battery Park City-Lower Manhattan"
    },
    {
        "facilityname": "Engine 65",
        "facilityaddress": "33 West 43 Street",
        "borough": "Manhattan",
        "postcode": "10036",
        "latitude": "40.754975",
        "longitude": "-73.981979",
        "community_board": "105",
        "community_council": "4",
        "census_tract": "96",
        "bin": "1076256",
        "bbl": "1012590018",
        "nta": "Midtown-Midtown South"
    },
    {
        "facilityname": "Battalion 2/Engine 24/Ladder 5",
        "facilityaddress": "227 Sixth Avenue",
        "borough": "Manhattan",
        "postcode": "10014",
        "latitude": "40.728041",
        "longitude": "-74.003434",
        "community_board": "102",
        "community_council": "3",
        "census_tract": "37",
        "bin": "1080044",
        "bbl": "1005200037",
        "nta": "SoHo-TriBeCa-Civic Center-Little Italy"
    },
    {
        "facilityname": "Engine 67",
        "facilityaddress": "518 West 170 Street",
        "borough": "Manhattan",
        "postcode": "10032",
        "latitude": "40.841279",
        "longitude": "-73.937195",
        "community_board": "112",
        "community_council": "10",
        "census_tract": "253",
        "bin": "1085743",
        "bbl": "1021260035",
        "nta": "Washington Heights South"
    },
    {
        "facilityname": "Marine 1",
        "facilityaddress": "20 Rear Bloomfield Street",
        "borough": "Manhattan",
        "postcode": "10014",
        "latitude": "40.740647",
        "longitude": "-74.011815",
        "community_board": "102",
        "community_council": "3",
        "census_tract": "79",
        "bin": "1086681",
        "bbl": "1006510105",
        "nta": "West Village"
    },
    {
        "facilityname": "Battalion 14/Engine 60/Ladder 17",
        "facilityaddress": "341 East 143 Street",
        "borough": "Bronx",
        "postcode": "10454",
        "latitude": "40.813163",
        "longitude": "-73.922146",
        "community_board": "201",
        "community_council": "8",
        "census_tract": "41",
        "bin": "2000656",
        "bbl": "2023060052",
        "nta": "Mott Haven-Port Morris"
    },
    {
        "facilityname": "Squad 41",
        "facilityaddress": "330 East 150th Street",
        "borough": "Bronx",
        "postcode": "10451",
        "latitude": "40.817323",
        "longitude": "-73.92013",
        "community_board": "201",
        "community_council": "17",
        "census_tract": "65",
        "bin": "2000930",
        "bbl": "2023310033",
        "nta": "Melrose South-Mott Haven North"
    },
    {
        "facilityname": "Division 6/Engine 71/Ladder 55",
        "facilityaddress": "720 Melrose Ave.",
        "borough": "Bronx",
        "postcode": "10455",
        "latitude": "40.820292",
        "longitude": "-73.915555",
        "community_board": "201",
        "community_council": "17",
        "census_tract": "69",
        "bin": "2001400",
        "bbl": "2023770001",
        "nta": "Melrose South-Mott Haven North"
    },
    {
        "facilityname": "Battalion 26/Engine 50/Ladder 19",
        "facilityaddress": "1155 Washington Ave.",
        "borough": "Bronx",
        "postcode": "10456",
        "latitude": "40.82971",
        "longitude": "-73.908118",
        "community_board": "203",
        "community_council": "16",
        "census_tract": "185",
        "bin": "2001584",
        "bbl": "2023880045",
        "nta": "Morrisania-Melrose"
    },
    {
        "facilityname": "Engine 68/Ladder 49",
        "facilityaddress": "1160 Ogden Ave.",
        "borough": "Bronx",
        "postcode": "10452",
        "latitude": "40.836659",
        "longitude": "-73.926919",
        "community_board": "204",
        "community_council": "16",
        "census_tract": "199",
        "bin": "2003268",
        "bbl": "2025140056",
        "nta": "Highbridge"
    },
    {
        "facilityname": "Engine 83/Ladder 29",
        "facilityaddress": "618 East 138 Street",
        "borough": "Bronx",
        "postcode": "10454",
        "latitude": "40.805819",
        "longitude": "-73.915834",
        "community_board": "201",
        "community_council": "8",
        "census_tract": "2701",
        "bin": "2003609",
        "bbl": "2025500028",
        "nta": "Mott Haven-Port Morris"
    },
    {
        "facilityname": "Battalion 3/Engine 94/Ladder 48",
        "facilityaddress": "1226 Seneca Ave.",
        "borough": "Bronx",
        "postcode": "10474",
        "latitude": "40.818581",
        "longitude": "-73.887778",
        "community_board": "202",
        "community_council": "17",
        "census_tract": "11502",
        "bin": "2006440",
        "bbl": "2027620054",
        "nta": "Hunts Point"
    },
    {
        "facilityname": "Engine 42",
        "facilityaddress": "1781 Monroe Ave.",
        "borough": "Bronx",
        "postcode": "10457",
        "latitude": "40.846325",
        "longitude": "-73.906812",
        "community_board": "205",
        "community_council": "15",
        "census_tract": "22901",
        "bin": "2007448",
        "bbl": "2027970035",
        "nta": "Mount Hope"
    },
    {
        "facilityname": "Engine 43/Ladder 59",
        "facilityaddress": "1901 Sedgwick Ave.",
        "borough": "Bronx",
        "postcode": "10453",
        "latitude": "40.854655",
        "longitude": "-73.917286",
        "community_board": "205",
        "community_council": "16",
        "census_tract": "247",
        "bin": "2009252",
        "bbl": "2028810140",
        "nta": "University Heights-Morris Heights"
    },
    {
        "facilityname": "Engine 46/Ladder 27",
        "facilityaddress": "460 Cross Bronx Expressway",
        "borough": "Bronx",
        "postcode": "10457",
        "latitude": "40.843919",
        "longitude": "-73.90016",
        "community_board": "206",
        "community_council": "15",
        "census_tract": "165",
        "bin": "2009509",
        "bbl": "2029070010",
        "nta": "Claremont-Bathgate"
    },
    {
        "facilityname": "Bronx Borough Command",
        "facilityaddress": "453 E 176 Street",
        "borough": "Bronx",
        "postcode": "10457",
        "latitude": "40.846372",
        "longitude": "-73.899241",
        "community_board": "206",
        "community_council": "15",
        "census_tract": "395",
        "bin": "2009541",
        "bbl": "2029090040",
        "nta": "Claremont-Bathgate"
    },
    {
        "facilityname": "Engine 82/Ladder 31",
        "facilityaddress": "1215 Intervale Ave.",
        "borough": "Bronx",
        "postcode": "10459",
        "latitude": "40.828532",
        "longitude": "-73.895259",
        "community_board": "203",
        "community_council": "17",
        "census_tract": "125",
        "bin": "2010447",
        "bbl": "2029730038",
        "nta": "Morrisania-Melrose"
    },
    {
        "facilityname": "Division 7/Engine 48/Ladder 56",
        "facilityaddress": "2417 Webster Ave.",
        "borough": "Bronx",
        "postcode": "10458",
        "latitude": "40.859318",
        "longitude": "-73.893992",
        "community_board": "205",
        "community_council": "15",
        "census_tract": "39902",
        "bin": "2011061",
        "bbl": "2030250025",
        "nta": "Bedford Park-Fordham North"
    },
    {
        "facilityname": "Battalion 18/Engine 45/Ladder 58",
        "facilityaddress": "925 East Tremont Ave.",
        "borough": "Bronx",
        "postcode": "10460",
        "latitude": "40.841877",
        "longitude": "-73.883508",
        "community_board": "206",
        "community_council": "17",
        "census_tract": "363",
        "bin": "2013192",
        "bbl": "2031260012",
        "nta": "East Tremont"
    },
    {
        "facilityname": "Battalion 27/Engine 79/Ladder 37",
        "facilityaddress": "2928 Briggs Ave.",
        "borough": "Bronx",
        "postcode": "10458",
        "latitude": "40.870279",
        "longitude": "-73.886581",
        "community_board": "207",
        "community_council": "11",
        "census_tract": "40702",
        "bin": "2016936",
        "bbl": "2032970009",
        "nta": "Bedford Park-Fordham North"
    },
    {
        "facilityname": "Engine 96/Ladder 54",
        "facilityaddress": "1689 Story Ave.",
        "borough": "Bronx",
        "postcode": "10473",
        "latitude": "40.822986",
        "longitude": "-73.869357",
        "community_board": "209",
        "community_council": "18",
        "census_tract": "46",
        "bin": "2022629",
        "bbl": "2036600001",
        "nta": "Soundview-Castle Hill-Clason Point-Harding Park"
    },
    {
        "facilityname": "Engine 90/Ladder 41",
        "facilityaddress": "1843 White Plains Rd.",
        "borough": "Bronx",
        "postcode": "10462",
        "latitude": "40.846365",
        "longitude": "-73.8668",
        "community_board": "211",
        "community_council": "15",
        "census_tract": "236",
        "bin": "2043470",
        "bbl": "2040490049",
        "nta": "Van Nest-Morris Park-Westchester Square"
    },
    {
        "facilityname": "Battalion 20/Squad 61",
        "facilityaddress": "1518 Williamsbridge Road",
        "borough": "Bronx",
        "postcode": "10461",
        "latitude": "40.845048",
        "longitude": "-73.846393",
        "community_board": "211",
        "community_council": "13",
        "census_tract": "200",
        "bin": "2044205",
        "bbl": "2040820011",
        "nta": "Van Nest-Morris Park-Westchester Square"
    },
    {
        "facilityname": "Engine 97",
        "facilityaddress": "1454 Astor Ave.",
        "borough": "Bronx",
        "postcode": "10469",
        "latitude": "40.859347",
        "longitude": "-73.844162",
        "community_board": "211",
        "community_council": "13",
        "census_tract": "314",
        "bin": "2050740",
        "bbl": "2043890023",
        "nta": "Allerton-Pelham Gardens"
    },
    {
        "facilityname": "Engine 62/Ladder 32",
        "facilityaddress": "3431 White Plains Road",
        "borough": "Bronx",
        "postcode": "10467",
        "latitude": "40.876269",
        "longitude": "-73.867362",
        "community_board": "212",
        "community_council": "12",
        "census_tract": "374",
        "bin": "2056968",
        "bbl": "2046280053",
        "nta": "Williamsbridge-Olinville"
    },
    {
        "facilityname": "Engine 38/Ladder 51",
        "facilityaddress": "3446 Eastchester Road",
        "borough": "Bronx",
        "postcode": "10469",
        "latitude": "40.877984",
        "longitude": "-73.846513",
        "community_board": "212",
        "community_council": "12",
        "census_tract": "386",
        "bin": "2060238",
        "bbl": "2047230045",
        "nta": "Eastchester-Edenwald-Baychester"
    },
    {
        "facilityname": "Battalion 15/Engine 63/Ladder 39",
        "facilityaddress": "755 East 233 Street",
        "borough": "Bronx",
        "postcode": "10466",
        "latitude": "40.893028",
        "longitude": "-73.85531",
        "community_board": "212",
        "community_council": "12",
        "census_tract": "434",
        "bin": "2068155",
        "bbl": "2049970013",
        "nta": "Woodlawn-Wakefield"
    },
    {
        "facilityname": "Engine 66/Ladder 61",
        "facilityaddress": "21 Asch Loop",
        "borough": "Bronx",
        "postcode": "10475",
        "latitude": "40.869725",
        "longitude": "-73.831197",
        "community_board": "210",
        "community_council": "12",
        "census_tract": "46201",
        "bin": "2072355",
        "bbl": "2051410103",
        "nta": "Co-op City"
    },
    {
        "facilityname": "Engine 89/Ladder 50",
        "facilityaddress": "2924 Bruckner Blvd.",
        "borough": "Bronx",
        "postcode": "10465",
        "latitude": "40.833339",
        "longitude": "-73.827088",
        "community_board": "210",
        "community_council": "13",
        "census_tract": "164",
        "bin": "2076433",
        "bbl": "2054190125",
        "nta": "Schuylerville-Throgs Neck-Edgewater Park"
    },
    {
        "facilityname": "Engine 72",
        "facilityaddress": "3929 East Tremont Ave.",
        "borough": "Bronx",
        "postcode": "10465",
        "latitude": "40.821311",
        "longitude": "-73.818248",
        "community_board": "210",
        "community_council": "13",
        "census_tract": "130",
        "bin": "2077258",
        "bbl": "2054430170",
        "nta": "Schuylerville-Throgs Neck-Edgewater Park"
    },
    {
        "facilityname": "Engine 70/Ladder 53",
        "facilityaddress": "169 Schofield Street",
        "borough": "Bronx",
        "postcode": "10464",
        "latitude": "40.845574",
        "longitude": "-73.784695",
        "community_board": "210",
        "community_council": "13",
        "census_tract": "516",
        "bin": "2082474",
        "bbl": "2056420118",
        "nta": "Pelham Bay-Country Club-City Island"
    },
    {
        "facilityname": "Engine 52/Ladder 52",
        "facilityaddress": "4550 Henry Hudson Parkway E.",
        "borough": "Bronx",
        "postcode": "10471",
        "latitude": "40.892118",
        "longitude": "-73.907656",
        "community_board": "208",
        "community_council": "11",
        "census_tract": "335",
        "bin": "2084327",
        "bbl": "2058130123",
        "nta": "North Riverdale-Fieldston-Riverdale"
    },
    {
        "facilityname": "Engine 88/Ladder 38",
        "facilityaddress": "2225 Belmont Ave.",
        "borough": "Bronx",
        "postcode": "10457",
        "latitude": "40.851907",
        "longitude": "-73.887837",
        "community_board": "206",
        "community_council": "15",
        "census_tract": "391",
        "bin": "2086781",
        "bbl": "2030860038",
        "nta": "Belmont"
    },
    {
        "facilityname": "Engine 81/Ladder 46",
        "facilityaddress": "3025 Bailey Ave.",
        "borough": "Bronx",
        "postcode": "10463",
        "latitude": "40.876945",
        "longitude": "-73.903669",
        "community_board": "208",
        "community_council": "14",
        "census_tract": "277",
        "bin": "2086837",
        "bbl": "2032660068",
        "nta": "Van Cortlandt Village"
    },
    {
        "facilityname": "Engine 73/Ladder 42",
        "facilityaddress": "655 Prospect Ave.",
        "borough": "Bronx",
        "postcode": "10455",
        "latitude": "40.815274",
        "longitude": "-73.903785",
        "community_board": "201",
        "community_council": "17",
        "census_tract": "79",
        "bin": "2094318",
        "bbl": "2026750033",
        "nta": "Melrose South-Mott Haven North"
    },
    {
        "facilityname": "Engine 64/Ladder 47",
        "facilityaddress": "1214 Castle Hill Ave.",
        "borough": "Bronx",
        "postcode": "10462",
        "latitude": "40.832437",
        "longitude": "-73.850876",
        "community_board": "209",
        "community_council": "18",
        "census_tract": "92",
        "bin": "2094870",
        "bbl": "2038210007",
        "nta": "Westchester-Unionport"
    },
    {
        "facilityname": "Battalion 17/Engine 92/Ladder 44",
        "facilityaddress": "1259 Morris Ave.",
        "borough": "Bronx",
        "postcode": "10456",
        "latitude": "40.834679",
        "longitude": "-73.913625",
        "community_board": "204",
        "community_council": "16",
        "census_tract": "17901",
        "bin": "2096490",
        "bbl": "2024500040",
        "nta": "East Concourse-Concourse Village"
    },
    {
        "facilityname": "Rescue 3",
        "facilityaddress": "1655 Washington Ave",
        "borough": "Bronx",
        "postcode": "10457",
        "latitude": "40.841225",
        "longitude": "-73.901507",
        "community_board": "203",
        "community_council": "16",
        "census_tract": "167",
        "bin": "2117925",
        "bbl": "2029050030",
        "nta": "Claremont-Bathgate"
    },
    {
        "facilityname": "Battalion 19/Engine 75/Ladder 33",
        "facilityaddress": "2175 Walton Ave.",
        "borough": "Bronx",
        "postcode": "10453",
        "latitude": "40.856228",
        "longitude": "-73.904423",
        "community_board": "205",
        "community_council": "14",
        "census_tract": "239",
        "bin": "2118039",
        "bbl": "2031860037",
        "nta": "Fordham South"
    },
    {
        "facilityname": "Brooklyn Borough Command/Division 11/Battalion 31/Engine 207/Ladder 110",
        "facilityaddress": "172 Tillary Street",
        "borough": "Brooklyn",
        "postcode": "11201",
        "latitude": "40.69545",
        "longitude": "-73.982843",
        "community_board": "302",
        "community_council": "35",
        "census_tract": "15",
        "bin": "3000252",
        "bbl": "3001340006",
        "nta": "DUMBO-Vinegar Hill-Downtown Brooklyn-Boerum Hill"
    },
    {
        "facilityname": "Engine 226",
        "facilityaddress": "409 State Street",
        "borough": "Brooklyn",
        "postcode": "11217",
        "latitude": "40.68707",
        "longitude": "-73.982768",
        "community_board": "302",
        "community_council": "33",
        "census_tract": "41",
        "bin": "3000562",
        "bbl": "3001720048",
        "nta": "DUMBO-Vinegar Hill-Downtown Brooklyn-Boerum Hill"
    },
    {
        "facilityname": "Engine 205/Ladder 118",
        "facilityaddress": "74 Middagh Street",
        "borough": "Brooklyn",
        "postcode": "11201",
        "latitude": "40.700029",
        "longitude": "-73.992273",
        "community_board": "302",
        "community_council": "33",
        "census_tract": "1",
        "bin": "3001600",
        "bbl": "3002160022",
        "nta": "Brooklyn Heights-Cobble Hill"
    },
    {
        "facilityname": "Engine 224",
        "facilityaddress": "274 Hicks Street",
        "borough": "Brooklyn",
        "postcode": "11201",
        "latitude": "40.693072",
        "longitude": "-73.99708",
        "community_board": "302",
        "community_council": "33",
        "census_tract": "7",
        "bin": "3002336",
        "bbl": "3002600036",
        "nta": "Brooklyn Heights-Cobble Hill"
    },
    {
        "facilityname": "Engine 279/Ladder 131",
        "facilityaddress": "252 Lorraine St.",
        "borough": "Brooklyn",
        "postcode": "11231",
        "latitude": "40.672118",
        "longitude": "-73.999666",
        "community_board": "306",
        "community_council": "38",
        "census_tract": "53",
        "bin": "3008207",
        "bbl": "3004860018",
        "nta": "Carroll Gardens-Columbia Street-Red Hook"
    },
    {
        "facilityname": "Battalion 32/Engine 202/Ladder 101",
        "facilityaddress": "31 Richards Street",
        "borough": "Brooklyn",
        "postcode": "11231",
        "latitude": "40.680386",
        "longitude": "-74.006438",
        "community_board": "306",
        "community_council": "38",
        "census_tract": "59",
        "bin": "3008254",
        "bbl": "3005120022",
        "nta": "Carroll Gardens-Columbia Street-Red Hook"
    },
    {
        "facilityname": "Engine 228",
        "facilityaddress": "436 39th St",
        "borough": "Brooklyn",
        "postcode": "11232",
        "latitude": "40.651814",
        "longitude": "-74.005327",
        "community_board": "307",
        "community_council": "38",
        "census_tract": "84",
        "bin": "3010534",
        "bbl": "3007090019",
        "nta": "Sunset Park West"
    },
    {
        "facilityname": "Squad 1",
        "facilityaddress": "788 Union Street",
        "borough": "Brooklyn",
        "postcode": "11215",
        "latitude": "40.674649",
        "longitude": "-73.97667",
        "community_board": "306",
        "community_council": "39",
        "census_tract": "157",
        "bin": "3020193",
        "bbl": "3009570023",
        "nta": "Park Slope-Gowanus"
    },
    {
        "facilityname": "Engine 239",
        "facilityaddress": "395 4th Ave.",
        "borough": "Brooklyn",
        "postcode": "11215",
        "latitude": "40.671782",
        "longitude": "-73.987239",
        "community_board": "306",
        "community_council": "39",
        "census_tract": "137",
        "bin": "3021578",
        "bbl": "3009930005",
        "nta": "Park Slope-Gowanus"
    },
    {
        "facilityname": "Engine 220/Ladder 122",
        "facilityaddress": "530 11th Street",
        "borough": "Brooklyn",
        "postcode": "11215",
        "latitude": "40.66495",
        "longitude": "-73.981452",
        "community_board": "306",
        "community_council": "39",
        "census_tract": "151",
        "bin": "3026278",
        "bbl": "3010960025",
        "nta": "Park Slope-Gowanus"
    },
    {
        "facilityname": "Engine 219/Ladder 105",
        "facilityaddress": "494 Dean Street",
        "borough": "Brooklyn",
        "postcode": "11217",
        "latitude": "40.681192",
        "longitude": "-73.973851",
        "community_board": "308",
        "community_council": "35",
        "census_tract": "161",
        "bin": "3027813",
        "bbl": "3011360011",
        "nta": "Prospect Heights"
    },
    {
        "facilityname": "Engine 280/Ladder 132",
        "facilityaddress": "489 Saint John's Place",
        "borough": "Brooklyn",
        "postcode": "11238",
        "latitude": "40.673473",
        "longitude": "-73.961641",
        "community_board": "308",
        "community_council": "35",
        "census_tract": "215",
        "bin": "3029451",
        "bbl": "3011740051",
        "nta": "Prospect Heights"
    },
    {
        "facilityname": "Battalion 38/Engine 234/Ladder 123",
        "facilityaddress": "1352 Saint John's Place",
        "borough": "Brooklyn",
        "postcode": "11213",
        "latitude": "40.670443",
        "longitude": "-73.933495",
        "community_board": "308",
        "community_council": "35",
        "census_tract": "351",
        "bin": "3037055",
        "bbl": "3013840008",
        "nta": "Crown Heights North"
    },
    {
        "facilityname": "Engine 227",
        "facilityaddress": "423 Ralph Ave.",
        "borough": "Brooklyn",
        "postcode": "11233",
        "latitude": "40.674781",
        "longitude": "-73.921728",
        "community_board": "316",
        "community_council": "41",
        "census_tract": "303",
        "bin": "3038838",
        "bbl": "3014450002",
        "nta": "Ocean Hill"
    },
    {
        "facilityname": "Engine 233/Ladder 176",
        "facilityaddress": "25 Rockaway Ave.",
        "borough": "Brooklyn",
        "postcode": "11233",
        "latitude": "40.682712",
        "longitude": "-73.911396",
        "community_board": "316",
        "community_council": "37",
        "census_tract": "369",
        "bin": "3040990",
        "bbl": "3015120001",
        "nta": "Ocean Hill"
    },
    {
        "facilityname": "Engine 217",
        "facilityaddress": "940 Dekalb Avenue",
        "borough": "Brooklyn",
        "postcode": "11221",
        "latitude": "40.692759",
        "longitude": "-73.937993",
        "community_board": "303",
        "community_council": "36",
        "census_tract": "281",
        "bin": "3043215",
        "bbl": "3016010023",
        "nta": "Stuyvesant Heights"
    },
    {
        "facilityname": "Battalion 37/Engine 222",
        "facilityaddress": "32 Ralph Ave.",
        "borough": "Brooklyn",
        "postcode": "11221",
        "latitude": "40.689591",
        "longitude": "-73.924433",
        "community_board": "303",
        "community_council": "41",
        "census_tract": "387",
        "bin": "3044596",
        "bbl": "3016330039",
        "nta": "Stuyvesant Heights"
    },
    {
        "facilityname": "Engine 214/Ladder 111",
        "facilityaddress": "495 Hancock Street",
        "borough": "Brooklyn",
        "postcode": "11233",
        "latitude": "40.68441",
        "longitude": "-73.935771",
        "community_board": "303",
        "community_council": "36",
        "census_tract": "275",
        "bin": "3045695",
        "bbl": "3016540045",
        "nta": "Stuyvesant Heights"
    },
    {
        "facilityname": "Engine 230",
        "facilityaddress": "701 Park Avenue",
        "borough": "Brooklyn",
        "postcode": "11206",
        "latitude": "40.698066",
        "longitude": "-73.947507",
        "community_board": "303",
        "community_council": "36",
        "census_tract": "257",
        "bin": "3048373",
        "bbl": "3017300049",
        "nta": "Bedford"
    },
    {
        "facilityname": "Battalion 57/Engine 235",
        "facilityaddress": "206 Monroe Street",
        "borough": "Brooklyn",
        "postcode": "11216",
        "latitude": "40.685175",
        "longitude": "-73.951098",
        "community_board": "303",
        "community_council": "36",
        "census_tract": "245",
        "bin": "3051323",
        "bbl": "3018170048",
        "nta": "Bedford"
    },
    {
        "facilityname": "Ladder 102",
        "facilityaddress": "850 Bedford Ave.",
        "borough": "Brooklyn",
        "postcode": "11205",
        "latitude": "40.695608",
        "longitude": "-73.956614",
        "community_board": "303",
        "community_council": "33",
        "census_tract": "1237",
        "bin": "3054771",
        "bbl": "3019000050",
        "nta": "Bedford"
    },
    {
        "facilityname": "Engine 210",
        "facilityaddress": "160 Carlton Ave.",
        "borough": "Brooklyn",
        "postcode": "11205",
        "latitude": "40.692799",
        "longitude": "-73.973006",
        "community_board": "302",
        "community_council": "35",
        "census_tract": "183",
        "bin": "3058296",
        "bbl": "3020720033",
        "nta": "Fort Greene"
    },
    {
        "facilityname": "Engine 211/Ladder 119",
        "facilityaddress": "26 Hooper Street",
        "borough": "Brooklyn",
        "postcode": "11249",
        "latitude": "40.701379",
        "longitude": "-73.962289",
        "community_board": "301",
        "community_council": "33",
        "census_tract": "539",
        "bin": "3060298",
        "bbl": "3022030016",
        "nta": "Williamsburg"
    },
    {
        "facilityname": "Engine 221/Ladder 104",
        "facilityaddress": "161 South 2nd Street",
        "borough": "Brooklyn",
        "postcode": "11211",
        "latitude": "40.713175",
        "longitude": "-73.961113",
        "community_board": "301",
        "community_council": "34",
        "census_tract": "551",
        "bin": "3062972",
        "bbl": "3024060035",
        "nta": "North Side-South Side"
    },
    {
        "facilityname": "Battalion 35/Engine 216/Ladder 108",
        "facilityaddress": "187 Union Ave.",
        "borough": "Brooklyn",
        "postcode": "11211",
        "latitude": "40.706236",
        "longitude": "-73.95062",
        "community_board": "301",
        "community_council": "34",
        "census_tract": "527",
        "bin": "3063633",
        "bbl": "3024650100",
        "nta": "North Side-South Side"
    },
    {
        "facilityname": "Engine 238/Ladder 106",
        "facilityaddress": "205 Greenpoint Ave.",
        "borough": "Brooklyn",
        "postcode": "11222",
        "latitude": "40.730747",
        "longitude": "-73.951144",
        "community_board": "301",
        "community_council": "33",
        "census_tract": "579",
        "bin": "3064786",
        "bbl": "3025600050",
        "nta": "Greenpoint"
    },
    {
        "facilityname": "Engine 229/Ladder 146",
        "facilityaddress": "75 Richardson Street",
        "borough": "Brooklyn",
        "postcode": "11211",
        "latitude": "40.718619",
        "longitude": "-73.949024",
        "community_board": "301",
        "community_council": "33",
        "census_tract": "515",
        "bin": "3067898",
        "bbl": "3027220028",
        "nta": "North Side-South Side"
    },
    {
        "facilityname": "Engine 206",
        "facilityaddress": "1201 Grand Street",
        "borough": "Brooklyn",
        "postcode": "11211",
        "latitude": "40.715301",
        "longitude": "-73.928159",
        "community_board": "301",
        "community_council": "34",
        "census_tract": "449",
        "bin": "3070506",
        "bbl": "3029290053",
        "nta": "East Williamsburg"
    },
    {
        "facilityname": "Engine 237",
        "facilityaddress": "43 Morgan Ave.",
        "borough": "Brooklyn",
        "postcode": "11237",
        "latitude": "40.705312",
        "longitude": "-73.931932",
        "community_board": "301",
        "community_council": "34",
        "census_tract": "453",
        "bin": "3071494",
        "bbl": "3031020023",
        "nta": "Bushwick North"
    },
    {
        "facilityname": "Engine 218",
        "facilityaddress": "650 Hart Street",
        "borough": "Brooklyn",
        "postcode": "11221",
        "latitude": "40.698312",
        "longitude": "-73.92659",
        "community_board": "304",
        "community_council": "34",
        "census_tract": "423",
        "bin": "3073407",
        "bbl": "3032280013",
        "nta": "Bushwick South"
    },
    {
        "facilityname": "Battalion 28/Engine 271/Ladder 124",
        "facilityaddress": "392 Himrod Street",
        "borough": "Brooklyn",
        "postcode": "11237",
        "latitude": "40.70363",
        "longitude": "-73.91602",
        "community_board": "304",
        "community_council": "37",
        "census_tract": "443",
        "bin": "3074885",
        "bbl": "3032810022",
        "nta": "Bushwick North"
    },
    {
        "facilityname": "Engine 277/Ladder 112",
        "facilityaddress": "582 Knickerbocker Ave.",
        "borough": "Brooklyn",
        "postcode": "11221",
        "latitude": "40.696397",
        "longitude": "-73.914659",
        "community_board": "304",
        "community_council": "37",
        "census_tract": "433",
        "bin": "3076461",
        "bbl": "3033430029",
        "nta": "Bushwick North"
    },
    {
        "facilityname": "Squad 252",
        "facilityaddress": "617 Central Ave.",
        "borough": "Brooklyn",
        "postcode": "11207",
        "latitude": "40.688597",
        "longitude": "-73.90814",
        "community_board": "304",
        "community_council": "37",
        "census_tract": "411",
        "bin": "3079480",
        "bbl": "3034290003",
        "nta": "Bushwick South"
    },
    {
        "facilityname": "Battalion 44/Engine 231/Ladder 120",
        "facilityaddress": "107 Watkins Street",
        "borough": "Brooklyn",
        "postcode": "11212",
        "latitude": "40.67057",
        "longitude": "-73.907891",
        "community_board": "316",
        "community_council": "37",
        "census_tract": "906",
        "bin": "3080767",
        "bbl": "3035070005",
        "nta": "Brownsville"
    },
    {
        "facilityname": "Division 15/Engine 283",
        "facilityaddress": "885 Howard Ave.",
        "borough": "Brooklyn",
        "postcode": "11212",
        "latitude": "40.660966",
        "longitude": "-73.917952",
        "community_board": "316",
        "community_council": "41",
        "census_tract": "894",
        "bin": "3081953",
        "bbl": "3035800020",
        "nta": "Brownsville"
    },
    {
        "facilityname": "Engine 332/Ladder 175",
        "facilityaddress": "165 Bradford st.",
        "borough": "Brooklyn",
        "postcode": "11207",
        "latitude": "40.675471",
        "longitude": "-73.892695",
        "community_board": "305",
        "community_council": "37",
        "census_tract": "1198",
        "bin": "3083579",
        "bbl": "3036910001",
        "nta": "East New York"
    },
    {
        "facilityname": "Engine 290/Ladder 103",
        "facilityaddress": "480 Sheffield Ave.",
        "borough": "Brooklyn",
        "postcode": "11207",
        "latitude": "40.665123",
        "longitude": "-73.895447",
        "community_board": "305",
        "community_council": "42",
        "census_tract": "1126",
        "bin": "3084622",
        "bbl": "3038040043",
        "nta": "East New York (Pennsylvania Ave)"
    },
    {
        "facilityname": "Engine 236",
        "facilityaddress": "998 Liberty Ave.",
        "borough": "Brooklyn",
        "postcode": "11208",
        "latitude": "40.677748",
        "longitude": "-73.872797",
        "community_board": "305",
        "community_council": "37",
        "census_tract": "1196",
        "bin": "3094289",
        "bbl": "3041940020",
        "nta": "East New York"
    },
    {
        "facilityname": "Battalion 39/Engine 225/Ladder 107",
        "facilityaddress": "799 Lincoln Ave.",
        "borough": "Brooklyn",
        "postcode": "11208",
        "latitude": "40.669446",
        "longitude": "-73.865383",
        "community_board": "305",
        "community_council": "42",
        "census_tract": "1208",
        "bin": "3095894",
        "bbl": "3042710075",
        "nta": "East New York"
    },
    {
        "facilityname": "Engine 310/Ladder 174",
        "facilityaddress": "5105 Snyder Ave.",
        "borough": "Brooklyn",
        "postcode": "11203",
        "latitude": "40.650355",
        "longitude": "-73.928888",
        "community_board": "317",
        "community_council": "41",
        "census_tract": "862",
        "bin": "3102909",
        "bbl": "3046990040",
        "nta": "Rugby-Remsen Village"
    },
    {
        "facilityname": "Engine 249/Ladder 113",
        "facilityaddress": "491 Rogers Ave.",
        "borough": "Brooklyn",
        "postcode": "11225",
        "latitude": "40.660257",
        "longitude": "-73.953293",
        "community_board": "309",
        "community_council": "40",
        "census_tract": "800",
        "bin": "3114990",
        "bbl": "3050330004",
        "nta": "Prospect Lefferts Gardens-Wingate"
    },
    {
        "facilityname": "Battalion 41/Engine 248",
        "facilityaddress": "2900 Snyder Ave.",
        "borough": "Brooklyn",
        "postcode": "11226",
        "latitude": "40.648746",
        "longitude": "-73.949987",
        "community_board": "317",
        "community_council": "40",
        "census_tract": "824",
        "bin": "3117400",
        "bbl": "3051110024",
        "nta": "Erasmus"
    },
    {
        "facilityname": "Engine 281/Ladder 147",
        "facilityaddress": "1210 Cortelyou Road",
        "borough": "Brooklyn",
        "postcode": "11218",
        "latitude": "40.640024",
        "longitude": "-73.966669",
        "community_board": "314",
        "community_council": "40",
        "census_tract": "526",
        "bin": "3118638",
        "bbl": "3051550004",
        "nta": "Flatbush"
    },
    {
        "facilityname": "Engine 255/Ladder 157",
        "facilityaddress": "1367 Rogers Ave.",
        "borough": "Brooklyn",
        "postcode": "11210",
        "latitude": "40.636444",
        "longitude": "-73.95064",
        "community_board": "314",
        "community_council": "45",
        "census_tract": "788",
        "bin": "3120929",
        "bbl": "3052290009",
        "nta": "Flatbush"
    },
    {
        "facilityname": "Battalion 48/Engine 240",
        "facilityaddress": "1307 Prospect Ave.",
        "borough": "Brooklyn",
        "postcode": "11218",
        "latitude": "40.651175",
        "longitude": "-73.975574",
        "community_board": "307",
        "community_council": "39",
        "census_tract": "504",
        "bin": "3122838",
        "bbl": "3052850021",
        "nta": "Windsor Terrace"
    },
    {
        "facilityname": "Engine 282/Ladder 148",
        "facilityaddress": "4210 12th Ave.",
        "borough": "Brooklyn",
        "postcode": "11219",
        "latitude": "40.640182",
        "longitude": "-73.990752",
        "community_board": "312",
        "community_council": "39",
        "census_tract": "224",
        "bin": "3135859",
        "bbl": "3055970044",
        "nta": "Borough Park"
    },
    {
        "facilityname": "Engine 247",
        "facilityaddress": "1336 60th Street",
        "borough": "Brooklyn",
        "postcode": "11219",
        "latitude": "40.62802",
        "longitude": "-73.997775",
        "community_board": "312",
        "community_council": "44",
        "census_tract": "192",
        "bin": "3141309",
        "bbl": "3057190022",
        "nta": "Borough Park"
    },
    {
        "facilityname": "Engine 241/Ladder 109",
        "facilityaddress": "6630 3rd Avenue",
        "borough": "Brooklyn",
        "postcode": "11220",
        "latitude": "40.638157",
        "longitude": "-74.025161",
        "community_board": "310",
        "community_council": "43",
        "census_tract": "70",
        "bin": "3144349",
        "bbl": "3058410040",
        "nta": "Bay Ridge"
    },
    {
        "facilityname": "Engine 242",
        "facilityaddress": "9219 5th Ave.",
        "borough": "Brooklyn",
        "postcode": "11209",
        "latitude": "40.617389",
        "longitude": "-74.02952",
        "community_board": "310",
        "community_council": "43",
        "census_tract": "160",
        "bin": "3155323",
        "bbl": "3061090019",
        "nta": "Bay Ridge"
    },
    {
        "facilityname": "Engine 284/Ladder 149",
        "facilityaddress": "1157 79th St.",
        "borough": "Brooklyn",
        "postcode": "11228",
        "latitude": "40.619955",
        "longitude": "-74.012537",
        "community_board": "310",
        "community_council": "43",
        "census_tract": "202",
        "bin": "3161800",
        "bbl": "3062540053",
        "nta": "Dyker Heights"
    },
    {
        "facilityname": "Battalion 42/Engine 243/Ladder 168",
        "facilityaddress": "8653 18th Ave.",
        "borough": "Brooklyn",
        "postcode": "11214",
        "latitude": "40.606037",
        "longitude": "-74.003495",
        "community_board": "311",
        "community_council": "47",
        "census_tract": "278",
        "bin": "3166596",
        "bbl": "3063690024",
        "nta": "Bensonhurst West"
    },
    {
        "facilityname": "Engine 250",
        "facilityaddress": "126 Foster Ave.",
        "borough": "Brooklyn",
        "postcode": "11230",
        "latitude": "40.627757",
        "longitude": "-73.97558",
        "community_board": "314",
        "community_council": "44",
        "census_tract": "46201",
        "bin": "3170273",
        "bbl": "3064990011",
        "nta": "Flatbush"
    },
    {
        "facilityname": "Engine 330/Ladder 172",
        "facilityaddress": "2312 65th Street",
        "borough": "Brooklyn",
        "postcode": "11204",
        "latitude": "40.612127",
        "longitude": "-73.979153",
        "community_board": "311",
        "community_council": "44",
        "census_tract": "434",
        "bin": "3173419",
        "bbl": "3065800006",
        "nta": "Bensonhurst East"
    },
    {
        "facilityname": "Battalion 33/Engine 276/Ladder 156",
        "facilityaddress": "1635 E. 14th Street",
        "borough": "Brooklyn",
        "postcode": "11229",
        "latitude": "40.609365",
        "longitude": "-73.959131",
        "community_board": "315",
        "community_council": "48",
        "census_tract": "554",
        "bin": "3182420",
        "bbl": "3067770064",
        "nta": "Homecrest"
    },
    {
        "facilityname": "Engine 253",
        "facilityaddress": "2429 86th Street",
        "borough": "Brooklyn",
        "postcode": "11214",
        "latitude": "40.598957",
        "longitude": "-73.988518",
        "community_board": "311",
        "community_council": "47",
        "census_tract": "298",
        "bin": "3185381",
        "bbl": "3068590067",
        "nta": "Bensonhurst East"
    },
    {
        "facilityname": "Engine 318/Ladder 166",
        "facilityaddress": "2510 Neptune Ave.",
        "borough": "Brooklyn",
        "postcode": "11224",
        "latitude": "40.57776",
        "longitude": "-73.993011",
        "community_board": "313",
        "community_council": "47",
        "census_tract": "328",
        "bin": "3188880",
        "bbl": "3070130007",
        "nta": "Seagate-Coney Island"
    },
    {
        "facilityname": "Engine 254/Ladder 153",
        "facilityaddress": "901 Avenue U",
        "borough": "Brooklyn",
        "postcode": "11223",
        "latitude": "40.598496",
        "longitude": "-73.962008",
        "community_board": "315",
        "community_council": "47",
        "census_tract": "394",
        "bin": "3192210",
        "bbl": "3071120049",
        "nta": "Homecrest"
    },
    {
        "facilityname": "Battalion 43/Engine 245/Ladder 161",
        "facilityaddress": "2929 W. 8th Street",
        "borough": "Brooklyn",
        "postcode": "11224",
        "latitude": "40.576735",
        "longitude": "-73.97616",
        "community_board": "313",
        "community_council": "48",
        "census_tract": "354",
        "bin": "3196591",
        "bbl": "3072790290",
        "nta": "West Brighton"
    },
    {
        "facilityname": "Battalion 58/Engine 257/Ladder 170",
        "facilityaddress": "1361 Rockaway Parkway",
        "borough": "Brooklyn",
        "postcode": "11236",
        "latitude": "40.646611",
        "longitude": "-73.903569",
        "community_board": "318",
        "community_council": "42",
        "census_tract": "974",
        "bin": "3229407",
        "bbl": "3081660033",
        "nta": "Canarsie"
    },
    {
        "facilityname": "Engine 323",
        "facilityaddress": "6405 Avenue N",
        "borough": "Brooklyn",
        "postcode": "11234",
        "latitude": "40.620133",
        "longitude": "-73.915859",
        "community_board": "318",
        "community_council": "46",
        "census_tract": "69602",
        "bin": "3235919",
        "bbl": "3083640006",
        "nta": "Georgetown-Marine Park-Bergen Beach-Mill Basin"
    },
    {
        "facilityname": "Engine 309/Ladder 159",
        "facilityaddress": "1851 E. 48 Street",
        "borough": "Brooklyn",
        "postcode": "11234",
        "latitude": "40.615256",
        "longitude": "-73.928169",
        "community_board": "318",
        "community_council": "46",
        "census_tract": "672",
        "bin": "3239495",
        "bbl": "3084880016",
        "nta": "Flatlands"
    },
    {
        "facilityname": "Engine 246/Ladder 169",
        "facilityaddress": "2732 E. 11th Street",
        "borough": "Brooklyn",
        "postcode": "11235",
        "latitude": "40.584275",
        "longitude": "-73.959413",
        "community_board": "315",
        "community_council": "48",
        "census_tract": "608",
        "bin": "3246894",
        "bbl": "3087610038",
        "nta": "Sheepshead Bay-Gerritsen Beach-Manhattan Beach"
    },
    {
        "facilityname": "Engine 321",
        "facilityaddress": "2165 Gerritsen Ave.",
        "borough": "Brooklyn",
        "postcode": "11229",
        "latitude": "40.602267",
        "longitude": "-73.935188",
        "community_board": "315",
        "community_council": "46",
        "census_tract": "638",
        "bin": "3248186",
        "bbl": "3088170049",
        "nta": "Madison"
    },
    {
        "facilityname": "Marine Battlion/Marine 6",
        "facilityaddress": "Brooklyn Navy Yard Building 292",
        "borough": "Brooklyn",
        "postcode": "11205",
        "latitude": "40.705184",
        "longitude": "-73.971631",
        "community_board": "302",
        "community_council": "33",
        "census_tract": "543",
        "bin": "3335122",
        "bbl": "3020230001",
        "nta": "park-cemetery-etc-Brooklyn"
    },
    {
        "facilityname": "Battalion 40/Engine 201/Ladder 114",
        "facilityaddress": "5113 4th Avenue",
        "borough": "Brooklyn",
        "postcode": "11220",
        "latitude": "40.645405",
        "longitude": "-74.01318",
        "community_board": "307",
        "community_council": "38",
        "census_tract": "78",
        "bin": "3414005",
        "bbl": "3007990003",
        "nta": "Sunset Park West"
    },
    {
        "facilityname": "Rescue 2",
        "facilityaddress": "1815 Sterling Place",
        "borough": "Brooklyn",
        "postcode": "11233",
        "latitude": "40.671045",
        "longitude": "-73.918868",
        "community_board": "316",
        "community_council": "41",
        "census_tract": "363",
        "bin": "3421359",
        "bbl": "3014670022",
        "nta": "Ocean Hill"
    },
    {
        "facilityname": "Engine 258/Ladder 115",
        "facilityaddress": "10-40 47th Ave.",
        "borough": "Queens",
        "postcode": "11101",
        "latitude": "40.744986",
        "longitude": "-73.951755",
        "community_board": "402",
        "community_council": "26",
        "census_tract": "7",
        "bin": "4000333",
        "bbl": "4000460034",
        "nta": "Hunters Point-Sunnyside-West Maspeth"
    },
    {
        "facilityname": "Engine 325/Ladder 163",
        "facilityaddress": "41-24 51st Street",
        "borough": "Queens",
        "postcode": "11377",
        "latitude": "40.745278",
        "longitude": "-73.913705",
        "community_board": "402",
        "community_council": "26",
        "census_tract": "25302",
        "bin": "4000979",
        "bbl": "4001310031",
        "nta": "Hunters Point-Sunnyside-West Maspeth"
    },
    {
        "facilityname": "Battalion 45/Engine 259/Ladder 128",
        "facilityaddress": "33-51 Greenpoint Avenue",
        "borough": "Queens",
        "postcode": "11101",
        "latitude": "40.736398",
        "longitude": "-73.933203",
        "community_board": "402",
        "community_council": "26",
        "census_tract": "199",
        "bin": "4003673",
        "bbl": "4003070033",
        "nta": "Hunters Point-Sunnyside-West Maspeth"
    },
    {
        "facilityname": "Engine 260",
        "facilityaddress": "11-15 37th Avenue",
        "borough": "Queens",
        "postcode": "11101",
        "latitude": "40.759679",
        "longitude": "-73.940085",
        "community_board": "401",
        "community_council": "26",
        "census_tract": "85",
        "bin": "4004305",
        "bbl": "4003520035",
        "nta": "Queensbridge-Ravenswood-Long Island City"
    },
    {
        "facilityname": "Ladder 116",
        "facilityaddress": "37-20 29th Street",
        "borough": "Queens",
        "postcode": "11101",
        "latitude": "40.755402",
        "longitude": "-73.933266",
        "community_board": "401",
        "community_council": "26",
        "census_tract": "51",
        "bin": "4004505",
        "bbl": "4003700023",
        "nta": "Queensbridge-Ravenswood-Long Island City"
    },
    {
        "facilityname": "Engine 262",
        "facilityaddress": "30-89 21st Street",
        "borough": "Queens",
        "postcode": "11102",
        "latitude": "40.767526",
        "longitude": "-73.929232",
        "community_board": "401",
        "community_council": "22",
        "census_tract": "79",
        "bin": "4006338",
        "bbl": "4005510016",
        "nta": "Old Astoria"
    },
    {
        "facilityname": "Engine 263/Ladder 117",
        "facilityaddress": "42-06, 42-08 Astoria Blvd. South",
        "borough": "Queens",
        "postcode": "11103",
        "latitude": "40.768225",
        "longitude": "-73.908849",
        "community_board": "401",
        "community_council": "22",
        "census_tract": "141",
        "bin": "4011565",
        "bbl": "4006880017",
        "nta": "Astoria"
    },
    {
        "facilityname": "Battalion 49/Engine 312",
        "facilityaddress": "22-63 35th St.",
        "borough": "Queens",
        "postcode": "11105",
        "latitude": "40.773444",
        "longitude": "-73.910434",
        "community_board": "401",
        "community_council": "22",
        "census_tract": "117",
        "bin": "4016405",
        "bbl": "4008220007",
        "nta": "Steinway"
    },
    {
        "facilityname": "Engine 307/Ladder 154",
        "facilityaddress": "81-17 Northern Blvd.",
        "borough": "Queens",
        "postcode": "11372",
        "latitude": "40.755804",
        "longitude": "-73.885639",
        "community_board": "403",
        "community_council": "25",
        "census_tract": "327",
        "bin": "4026949",
        "bbl": "4011770036",
        "nta": "Jackson Heights"
    },
    {
        "facilityname": "Engine 289/Ladder 138",
        "facilityaddress": "97-28 43rd Avenue",
        "borough": "Queens",
        "postcode": "11368",
        "latitude": "40.74617",
        "longitude": "-73.865316",
        "community_board": "404",
        "community_council": "21",
        "census_tract": "409",
        "bin": "4040712",
        "bbl": "4016280018",
        "nta": "North Corona"
    },
    {
        "facilityname": "Engine 316",
        "facilityaddress": "27-12 Kearney Street",
        "borough": "Queens",
        "postcode": "11369",
        "latitude": "40.762427",
        "longitude": "-73.869022",
        "community_board": "403",
        "community_council": "21",
        "census_tract": "367",
        "bin": "4041276",
        "bbl": "4016580005",
        "nta": "East Elmhurst"
    },
    {
        "facilityname": "Division 14/Engine 324",
        "facilityaddress": "108-01 Horace Harding Exp.",
        "borough": "Queens",
        "postcode": "11368",
        "latitude": "40.737914",
        "longitude": "-73.851944",
        "community_board": "404",
        "community_council": "21",
        "census_tract": "43701",
        "bin": "4048310",
        "bbl": "4019640065",
        "nta": "Corona"
    },
    {
        "facilityname": "Engine 292/Rescue 4",
        "facilityaddress": "64-18 Queens Blvd.",
        "borough": "Queens",
        "postcode": "11377",
        "latitude": "40.740771",
        "longitude": "-73.900987",
        "community_board": "402",
        "community_council": "26",
        "census_tract": "245",
        "bin": "4053652",
        "bbl": "4023250037",
        "nta": "Woodside"
    },
    {
        "facilityname": "Squad 288",
        "facilityaddress": "56-29 68th Street",
        "borough": "Queens",
        "postcode": "11378",
        "latitude": "40.726096",
        "longitude": "-73.896235",
        "community_board": "405",
        "community_council": "30",
        "census_tract": "511",
        "bin": "4055348",
        "bbl": "4023950004",
        "nta": "Maspeth"
    },
    {
        "facilityname": "Battalion 46/Engine 287/Ladder 136",
        "facilityaddress": "86-53 Grand Avenue",
        "borough": "Queens",
        "postcode": "11373",
        "latitude": "40.736454",
        "longitude": "-73.878888",
        "community_board": "404",
        "community_council": "25",
        "census_tract": "475",
        "bin": "4057367",
        "bbl": "4024770026",
        "nta": "Elmhurst"
    },
    {
        "facilityname": "Engine 305/Ladder 151",
        "facilityaddress": "111-02 Queens Blvd.",
        "borough": "Queens",
        "postcode": "11375",
        "latitude": "40.718186",
        "longitude": "-73.837707",
        "community_board": "406",
        "community_council": "29",
        "census_tract": "76901",
        "bin": "4078827",
        "bbl": "4032940020",
        "nta": "Forest Hills"
    },
    {
        "facilityname": "Engine 286/Ladder 135",
        "facilityaddress": "66-44 Myrtle Avenue",
        "borough": "Queens",
        "postcode": "11385",
        "latitude": "40.701217",
        "longitude": "-73.886656",
        "community_board": "405",
        "community_council": "30",
        "census_tract": "629",
        "bin": "4090228",
        "bbl": "4037000021",
        "nta": "Glendale"
    },
    {
        "facilityname": "Engine 319",
        "facilityaddress": "78-11 67th Road",
        "borough": "Queens",
        "postcode": "11379",
        "latitude": "40.712579",
        "longitude": "-73.874942",
        "community_board": "405",
        "community_council": "30",
        "census_tract": "621",
        "bin": "4091550",
        "bbl": "4037760056",
        "nta": "Middle Village"
    },
    {
        "facilityname": "Engine 297/Ladder 130",
        "facilityaddress": "119-11 14th Road",
        "borough": "Queens",
        "postcode": "11356",
        "latitude": "40.784923",
        "longitude": "-73.848081",
        "community_board": "407",
        "community_council": "19",
        "census_tract": "929",
        "bin": "4098032",
        "bbl": "4040540017",
        "nta": "College Point"
    },
    {
        "facilityname": "Engine 295/Ladder 144",
        "facilityaddress": "12-49 149th Street",
        "borough": "Queens",
        "postcode": "11357",
        "latitude": "40.78898",
        "longitude": "-73.815949",
        "community_board": "407",
        "community_council": "19",
        "census_tract": "981",
        "bin": "4102462",
        "bbl": "4045050007",
        "nta": "Whitestone"
    },
    {
        "facilityname": "Engine 273/Ladder 129",
        "facilityaddress": "40-18 Union Street",
        "borough": "Queens",
        "postcode": "11354",
        "latitude": "40.759869",
        "longitude": "-73.82657",
        "community_board": "407",
        "community_council": "20",
        "census_tract": "853",
        "bin": "4113561",
        "bbl": "4050190066",
        "nta": "Flushing"
    },
    {
        "facilityname": "Battalion 52/Engine 274",
        "facilityaddress": "41-20 Murray Street",
        "borough": "Queens",
        "postcode": "11355",
        "latitude": "40.762498",
        "longitude": "-73.812648",
        "community_board": "407",
        "community_council": "20",
        "census_tract": "1167",
        "bin": "4114925",
        "bbl": "4050580037",
        "nta": "Murray Hill"
    },
    {
        "facilityname": "Engine 320/Ladder 167",
        "facilityaddress": "36-18 Francis Lewis Blvd.",
        "borough": "Queens",
        "postcode": "11358",
        "latitude": "40.763311",
        "longitude": "-73.786997",
        "community_board": "411",
        "community_council": "19",
        "census_tract": "1139",
        "bin": "4120143",
        "bbl": "4053190008",
        "nta": "Auburndale"
    },
    {
        "facilityname": "Engine 306",
        "facilityaddress": "40-18 214th Place",
        "borough": "Queens",
        "postcode": "11361",
        "latitude": "40.763944",
        "longitude": "-73.769678",
        "community_board": "411",
        "community_council": "19",
        "census_tract": "1123",
        "bin": "4138284",
        "bbl": "4062880032",
        "nta": "Bayside-Bayside Hills"
    },
    {
        "facilityname": "Engine 315/Ladder 125",
        "facilityaddress": "159-06 Union Turnpike",
        "borough": "Queens",
        "postcode": "11366",
        "latitude": "40.720109",
        "longitude": "-73.807759",
        "community_board": "408",
        "community_council": "24",
        "census_tract": "1265",
        "bin": "4148377",
        "bbl": "4068540028",
        "nta": "Pomonok-Flushing Heights-Hillcrest"
    },
    {
        "facilityname": "Engine 299/Ladder 152",
        "facilityaddress": "61-20 Utopia Parkway",
        "borough": "Queens",
        "postcode": "11365",
        "latitude": "40.738158",
        "longitude": "-73.793385",
        "community_board": "408",
        "community_council": "24",
        "census_tract": "1341",
        "bin": "4148798",
        "bbl": "4068910003",
        "nta": "Fresh Meadows-Utopia"
    },
    {
        "facilityname": "Battalion 53/Engine 326/Ladder 160",
        "facilityaddress": "64-04 Springfield Blvd.",
        "borough": "Queens",
        "postcode": "11364",
        "latitude": "40.747005",
        "longitude": "-73.75597",
        "community_board": "411",
        "community_council": "23",
        "census_tract": "1367",
        "bin": "4162454",
        "bbl": "4076210012",
        "nta": "Oakland Gardens"
    },
    {
        "facilityname": "Engine 313/Ladder 164",
        "facilityaddress": "44-01 244th Street",
        "borough": "Queens",
        "postcode": "11363",
        "latitude": "40.76677",
        "longitude": "-73.742328",
        "community_board": "411",
        "community_council": "19",
        "census_tract": "1479",
        "bin": "4168901",
        "bbl": "4081120192",
        "nta": "Douglas Manor-Douglaston-Little Neck"
    },
    {
        "facilityname": "Engine 251",
        "facilityaddress": "254-20 Union Turnpike",
        "borough": "Queens",
        "postcode": "11004",
        "latitude": "40.744476",
        "longitude": "-73.716081",
        "community_board": "413",
        "community_council": "23",
        "census_tract": "157902",
        "bin": "4177508",
        "bbl": "4086910013",
        "nta": "Glen Oaks-Floral Park-New Hyde Park"
    },
    {
        "facilityname": "Engine 293",
        "facilityaddress": "89-40 87th Street",
        "borough": "Queens",
        "postcode": "11421",
        "latitude": "40.688614",
        "longitude": "-73.855934",
        "community_board": "409",
        "community_council": "32",
        "census_tract": "8",
        "bin": "4185536",
        "bbl": "4089680025",
        "nta": "Woodhaven"
    },
    {
        "facilityname": "Engine 285/Ladder 142",
        "facilityaddress": "103-17 98th Street",
        "borough": "Queens",
        "postcode": "11417",
        "latitude": "40.682524",
        "longitude": "-73.84186",
        "community_board": "410",
        "community_council": "32",
        "census_tract": "4002",
        "bin": "4189682",
        "bbl": "4091210072",
        "nta": "Ozone Park"
    },
    {
        "facilityname": "Engine 294/Ladder 143",
        "facilityaddress": "101-02 Jamaica Avenue",
        "borough": "Queens",
        "postcode": "11418",
        "latitude": "40.694829",
        "longitude": "-73.846238",
        "community_board": "409",
        "community_council": "32",
        "census_tract": "28",
        "bin": "4194106",
        "bbl": "4092860006",
        "nta": "Richmond Hill"
    },
    {
        "facilityname": "Division 13/Squad 270",
        "facilityaddress": "91-45 121st Street",
        "borough": "Queens",
        "postcode": "11418",
        "latitude": "40.695297",
        "longitude": "-73.825876",
        "community_board": "409",
        "community_council": "29",
        "census_tract": "14202",
        "bin": "4196913",
        "bbl": "4093750007",
        "nta": "Richmond Hill"
    },
    {
        "facilityname": "Battalion 51/Engine 308",
        "facilityaddress": "107-12 Lefferts Blvd.",
        "borough": "Queens",
        "postcode": "11419",
        "latitude": "40.683905",
        "longitude": "-73.823361",
        "community_board": "410",
        "community_council": "28",
        "census_tract": "106",
        "bin": "4205407",
        "bbl": "4095980010",
        "nta": "South Ozone Park"
    },
    {
        "facilityname": "Battalion 50/Engine 298/Ladder 127",
        "facilityaddress": "153-11 Hillside Avenue",
        "borough": "Queens",
        "postcode": "11432",
        "latitude": "40.707617",
        "longitude": "-73.804199",
        "community_board": "408",
        "community_council": "24",
        "census_tract": "236",
        "bin": "4207481",
        "bbl": "4097060066",
        "nta": "Briarwood-Jamaica Hills"
    },
    {
        "facilityname": "Engine 303/Ladder 126",
        "facilityaddress": "104-12 Princeton Street",
        "borough": "Queens",
        "postcode": "11435",
        "latitude": "40.693527",
        "longitude": "-73.806938",
        "community_board": "412",
        "community_council": "28",
        "census_tract": "204",
        "bin": "4214846",
        "bbl": "4100460014",
        "nta": "Jamaica"
    },
    {
        "facilityname": "Engine 275/Ladder 133",
        "facilityaddress": "111-36 Merrick Blvd.",
        "borough": "Queens",
        "postcode": "11433",
        "latitude": "40.693448",
        "longitude": "-73.781107",
        "community_board": "412",
        "community_council": "27",
        "census_tract": "266",
        "bin": "4217371",
        "bbl": "4102080045",
        "nta": "South Jamaica"
    },
    {
        "facilityname": "Engine 301/Ladder 150",
        "facilityaddress": "91-04 197th Street",
        "borough": "Queens",
        "postcode": "11423",
        "latitude": "40.714467",
        "longitude": "-73.763078",
        "community_board": "412",
        "community_council": "23",
        "census_tract": "484",
        "bin": "4222434",
        "bbl": "4104640025",
        "nta": "Hollis"
    },
    {
        "facilityname": "Engine 304/Ladder 162",
        "facilityaddress": "218-44 97th Avenue",
        "borough": "Queens",
        "postcode": "11429",
        "latitude": "40.716907",
        "longitude": "-73.735945",
        "community_board": "413",
        "community_council": "27",
        "census_tract": "568",
        "bin": "4230875",
        "bbl": "4107700023",
        "nta": "Queens Village"
    },
    {
        "facilityname": "Engine 302/Ladder 155",
        "facilityaddress": "143-15 Rockaway Blvd.",
        "borough": "Queens",
        "postcode": "11436",
        "latitude": "40.674054",
        "longitude": "-73.795083",
        "community_board": "412",
        "community_council": "28",
        "census_tract": "182",
        "bin": "4261544",
        "bbl": "4120460002",
        "nta": "Baisley Park"
    },
    {
        "facilityname": "Battalion 54/Engine 317/Ladder 165",
        "facilityaddress": "117-11 196th Street",
        "borough": "Queens",
        "postcode": "11412",
        "latitude": "40.693122",
        "longitude": "-73.755649",
        "community_board": "412",
        "community_council": "27",
        "census_tract": "394",
        "bin": "4271743",
        "bbl": "4126170040",
        "nta": "St. Albans"
    },
    {
        "facilityname": "Engine 311/Ladder 158",
        "facilityaddress": "145-50 Springfield Blvd.",
        "borough": "Queens",
        "postcode": "11413",
        "latitude": "40.663608",
        "longitude": "-73.759838",
        "community_board": "413",
        "community_council": "31",
        "census_tract": "320",
        "bin": "4286093",
        "bbl": "4133610200",
        "nta": "Springfield Gardens South-Brookville"
    },
    {
        "facilityname": "Engine 314",
        "facilityaddress": "142-04 Brookville Blvd.",
        "borough": "Queens",
        "postcode": "11422",
        "latitude": "40.664034",
        "longitude": "-73.740698",
        "community_board": "413",
        "community_council": "31",
        "census_tract": "654",
        "bin": "4287743",
        "bbl": "4135380015",
        "nta": "Rosedale"
    },
    {
        "facilityname": "Engine 331/Ladder 173",
        "facilityaddress": "158-57 Cross Bay Blvd.",
        "borough": "Queens",
        "postcode": "11414",
        "latitude": "40.659245",
        "longitude": "-73.839515",
        "community_board": "410",
        "community_council": "32",
        "census_tract": "892",
        "bin": "4295071",
        "bbl": "4141630101",
        "nta": "Lindenwood-Howard Beach"
    },
    {
        "facilityname": "Engine 268/Ladder 137",
        "facilityaddress": "257 Beach 116th Street",
        "borough": "Queens",
        "postcode": "11694",
        "latitude": "40.580747",
        "longitude": "-73.838055",
        "community_board": "414",
        "community_council": "32",
        "census_tract": "93402",
        "bin": "4304442",
        "bbl": "4162120017",
        "nta": "Breezy Point-Belle Harbor-Rockaway Park-Broad Channel"
    },
    {
        "facilityname": "Engine 329",
        "facilityaddress": "402 B. 169 Street",
        "borough": "Queens",
        "postcode": "11695",
        "latitude": "40.566009",
        "longitude": "-73.881526",
        "community_board": "484",
        "community_council": "32",
        "census_tract": "918",
        "bin": "4307098",
        "bbl": "4163250300",
        "nta": "park-cemetery-etc-Queens"
    },
    {
        "facilityname": "Engine 266",
        "facilityaddress": "92-20 Rockaway Beach Blvd.",
        "borough": "Queens",
        "postcode": "11693",
        "latitude": "40.586283",
        "longitude": "-73.816238",
        "community_board": "414",
        "community_council": "32",
        "census_tract": "94202",
        "bin": "4439014",
        "bbl": "4161270001",
        "nta": "Hammels-Arverne-Edgemere"
    },
    {
        "facilityname": "Engine 291/Ladder 140",
        "facilityaddress": "56-07 Metropolitan Avenue",
        "borough": "Queens",
        "postcode": "11385",
        "latitude": "40.713082",
        "longitude": "-73.906674",
        "community_board": "405",
        "community_council": "30",
        "census_tract": "595",
        "bin": "4440960",
        "bbl": "4026460018",
        "nta": "Ridgewood"
    },
    {
        "facilityname": "Engine 264/Engine 328/Ladder 134",
        "facilityaddress": "16-15, 16-17, 16-19 Central Ave.",
        "borough": "Queens",
        "postcode": "11691",
        "latitude": "40.604819",
        "longitude": "-73.75213",
        "community_board": "414",
        "community_council": "31",
        "census_tract": "103202",
        "bin": "4529057",
        "bbl": "4155590025",
        "nta": "Far Rockaway-Bayswater"
    },
    {
        "facilityname": "Queens Borough Command",
        "facilityaddress": "420A Weaver Ave",
        "borough": "Queens",
        "postcode": "11359",
        "latitude": "40.793268",
        "longitude": "-73.776297",
        "community_board": "407",
        "community_council": "19",
        "census_tract": "999",
        "bin": "4538413",
        "bbl": "4059170001",
        "nta": "Ft. Totten-Bay Terrace-Clearview"
    },
    {
        "facilityname": "Battalion 47/Engine 265/Ladder 121",
        "facilityaddress": "48-06 Rockaway Beach Blvd",
        "borough": "Queens",
        "postcode": "11691",
        "latitude": "40.593539",
        "longitude": "-73.779164",
        "community_board": "414",
        "community_council": "31",
        "census_tract": "97204",
        "bin": "4539800",
        "bbl": "4158400001",
        "nta": "Hammels-Arverne-Edgemere"
    },
    {
        "facilityname": "Engine 155/Ladder 78",
        "facilityaddress": "14 Brighton Avenue",
        "borough": "Staten Island",
        "postcode": "10301",
        "latitude": "40.637547",
        "longitude": "-74.087694",
        "community_board": "501",
        "community_council": "49",
        "census_tract": "77",
        "bin": "5002472",
        "bbl": "5001030020",
        "nta": "West New Brighton-New Brighton-St. George"
    },
    {
        "facilityname": "Battalion 22/Ladder 79",
        "facilityaddress": "1189 Castleton Avenue",
        "borough": "Staten Island",
        "postcode": "10310",
        "latitude": "40.634384",
        "longitude": "-74.122039",
        "community_board": "501",
        "community_council": "49",
        "census_tract": "13302",
        "bin": "5005308",
        "bbl": "5001980136",
        "nta": "West New Brighton-New Brighton-St. George"
    },
    {
        "facilityname": "Engine 156",
        "facilityaddress": "412 Broadway",
        "borough": "Staten Island",
        "postcode": "10310",
        "latitude": "40.630985",
        "longitude": "-74.116719",
        "community_board": "501",
        "community_council": "49",
        "census_tract": "125",
        "bin": "5005815",
        "bbl": "5002170050",
        "nta": "West New Brighton-New Brighton-St. George"
    },
    {
        "facilityname": "Engine 163/Ladder 83",
        "facilityaddress": "875 Jewett Avenue",
        "borough": "Staten Island",
        "postcode": "10314",
        "latitude": "40.615247",
        "longitude": "-74.130815",
        "community_board": "501",
        "community_council": "50",
        "census_tract": "151",
        "bin": "5010816",
        "bbl": "5003770018",
        "nta": "Westerleigh"
    },
    {
        "facilityname": "Engine 153/Ladder 77",
        "facilityaddress": "74 Broad Street",
        "borough": "Staten Island",
        "postcode": "10304",
        "latitude": "40.625033",
        "longitude": "-74.077692",
        "community_board": "501",
        "community_council": "49",
        "census_tract": "27",
        "bin": "5013836",
        "bbl": "5005290009",
        "nta": "Stapleton-Rosebank"
    },
    {
        "facilityname": "Engine 165/Ladder 85",
        "facilityaddress": "3067 Richmond Road",
        "borough": "Staten Island",
        "postcode": "10306",
        "latitude": "40.576077",
        "longitude": "-74.123714",
        "community_board": "502",
        "community_council": "50",
        "census_tract": "181",
        "bin": "5023532",
        "bbl": "5009490001",
        "nta": "Todt Hill-Emerson Hill-Heartland Village-Lighthouse Hill"
    },
    {
        "facilityname": "Engine 157/Ladder 80",
        "facilityaddress": "1573 Castleton Avenue",
        "borough": "Staten Island",
        "postcode": "10302",
        "latitude": "40.636191",
        "longitude": "-74.135394",
        "community_board": "501",
        "community_council": "49",
        "census_tract": "207",
        "bin": "5025442",
        "bbl": "5010800002",
        "nta": "Port Richmond"
    },
    {
        "facilityname": "Engine 158",
        "facilityaddress": "65 Harbor Road",
        "borough": "Staten Island",
        "postcode": "10303",
        "latitude": "40.635265",
        "longitude": "-74.160052",
        "community_board": "501",
        "community_council": "49",
        "census_tract": "223",
        "bin": "5027755",
        "bbl": "5012270025",
        "nta": "Mariner's Harbor-Arlington-Port Ivory-Graniteville"
    },
    {
        "facilityname": "Engine 166/Ladder 86",
        "facilityaddress": "1400 Richmond Avenue",
        "borough": "Staten Island",
        "postcode": "10314",
        "latitude": "40.614264",
        "longitude": "-74.158172",
        "community_board": "502",
        "community_council": "50",
        "census_tract": "29104",
        "bin": "5031692",
        "bbl": "5016120005",
        "nta": "New Springville-Bloomfield-Travis"
    },
    {
        "facilityname": "Staten Island Borough Command/Squad 8",
        "facilityaddress": "3730 Victory Boulevard",
        "borough": "Staten Island",
        "postcode": "10314",
        "latitude": "40.59793",
        "longitude": "-74.180532",
        "community_board": "502",
        "community_council": "50",
        "census_tract": "29102",
        "bin": "5041882",
        "bbl": "5026650025",
        "nta": "New Springville-Bloomfield-Travis"
    },
    {
        "facilityname": "Battalion 21/Engine 152",
        "facilityaddress": "256 Hylan Blvd.",
        "borough": "Staten Island",
        "postcode": "10305",
        "latitude": "40.611716",
        "longitude": "-74.070475",
        "community_board": "501",
        "community_council": "49",
        "census_tract": "8",
        "bin": "5042846",
        "bbl": "5028560015",
        "nta": "Stapleton-Rosebank"
    },
    {
        "facilityname": "Engine 161/Ladder 81",
        "facilityaddress": "278 McClean Avenue",
        "borough": "Staten Island",
        "postcode": "10305",
        "latitude": "40.596763",
        "longitude": "-74.069879",
        "community_board": "502",
        "community_council": "50",
        "census_tract": "74",
        "bin": "5045654",
        "bbl": "5031080025",
        "nta": "Grasmere-Arrochar-Ft. Wadsworth"
    },
    {
        "facilityname": "Division 8/Engine 160/Rescue 5",
        "facilityaddress": "1850 Clove Road",
        "borough": "Staten Island",
        "postcode": "10304",
        "latitude": "40.60732",
        "longitude": "-74.089242",
        "community_board": "502",
        "community_council": "50",
        "census_tract": "50",
        "bin": "5046179",
        "bbl": "5031530038",
        "nta": "Grasmere-Arrochar-Ft. Wadsworth"
    },
    {
        "facilityname": "Engine 159",
        "facilityaddress": "1592 Richmond Road",
        "borough": "Staten Island",
        "postcode": "10304",
        "latitude": "40.590714",
        "longitude": "-74.100608",
        "community_board": "502",
        "community_council": "50",
        "census_tract": "9602",
        "bin": "5048682",
        "bbl": "5033060008",
        "nta": "Old Town-Dongan Hills-South Beach"
    },
    {
        "facilityname": "Battalion 23/Engine 162/Ladder 82",
        "facilityaddress": "256 Nelson Ave.",
        "borough": "Staten Island",
        "postcode": "10308",
        "latitude": "40.543104",
        "longitude": "-74.147405",
        "community_board": "503",
        "community_council": "51",
        "census_tract": "15601",
        "bin": "5067428",
        "bbl": "5052710031",
        "nta": "Great Kills"
    },
    {
        "facilityname": "Engine 167/Ladder 87",
        "facilityaddress": "345 Annadale Road",
        "borough": "Staten Island",
        "postcode": "10312",
        "latitude": "40.554191",
        "longitude": "-74.175479",
        "community_board": "503",
        "community_council": "51",
        "census_tract": "17012",
        "bin": "5075428",
        "bbl": "5056420006",
        "nta": "Annadale-Huguenot-Prince's Bay-Eltingville"
    },
    {
        "facilityname": "Engine 164/Ladder 84",
        "facilityaddress": "1560 Drumgoole Road West",
        "borough": "Staten Island",
        "postcode": "10312",
        "latitude": "40.535418",
        "longitude": "-74.196059",
        "community_board": "503",
        "community_council": "51",
        "census_tract": "20804",
        "bin": "5083491",
        "bbl": "5068280065",
        "nta": "Rossville-Woodrow"
    },
    {
        "facilityname": "Engine 151/Ladder 76",
        "facilityaddress": "7219 Amboy Road",
        "borough": "Staten Island",
        "postcode": "10307",
        "latitude": "40.512739",
        "longitude": "-74.23895",
        "community_board": "503",
        "community_council": "51",
        "census_tract": "248",
        "bin": "5089056",
        "bbl": "5080400010",
        "nta": "Charleston-Richmond Valley-Tottenville"
    },
    {
        "facilityname": "Engine 168",
        "facilityaddress": "1100 Rossville Ave",
        "borough": "Staten Island",
        "postcode": "10309",
        "latitude": "40.553942",
        "longitude": "-74.213083",
        "community_board": "503",
        "community_council": "51",
        "census_tract": "20801",
        "bin": "5154879",
        "bbl": "5070670252",
        "nta": "Rossville-Woodrow"
    },
    {
        "facilityname": "Marine 9",
        "facilityaddress": "305 Front Street",
        "borough": "Staten Island",
        "postcode": "10304",
        "latitude": "40.629954",
        "longitude": "-74.07243",
        "community_board": "501",
        "community_council": "49",
        "census_tract": "21",
        "bin": "5169276",
        "bbl": "5004870100",
        "nta": "Stapleton-Rosebank"
    }
]