[
    {
        "week": "Week of 2/29/2016",
        "sessions_per_week": "31523",
        "cumulative_sessions_to_date": "161899",
        "bandwidth_utilization_per_week_tb": "0.418",
        "cumulative_bandwidth_utilization_to_date_tb": "1.73",
        "average_session_duration": " 00:03:01.000",
        "new_subscribers_per_week": "1022",
        "total_subscribers_per_week": "2391",
        "cumulative_subscribers_to_date": "6116"
    },
    {
        "week": "Week of 3/7/2016",
        "sessions_per_week": "54896",
        "cumulative_sessions_to_date": "216795",
        "bandwidth_utilization_per_week_tb": "0.635",
        "cumulative_bandwidth_utilization_to_date_tb": "1.84",
        "average_session_duration": " 00:02:47.000",
        "new_subscribers_per_week": "2216",
        "total_subscribers_per_week": "4041",
        "cumulative_subscribers_to_date": "8357"
    },
    {
        "week": "Week of 3/14/2016",
        "sessions_per_week": "61217",
        "cumulative_sessions_to_date": "285012",
        "bandwidth_utilization_per_week_tb": "0.602",
        "cumulative_bandwidth_utilization_to_date_tb": "2.32",
        "average_session_duration": " 00:02:49.000",
        "new_subscribers_per_week": "2587",
        "total_subscribers_per_week": "4983",
        "cumulative_subscribers_to_date": "10984"
    },
    {
        "week": "Week of 3/21/2016",
        "sessions_per_week": "103613",
        "cumulative_sessions_to_date": "381766",
        "bandwidth_utilization_per_week_tb": "1.103",
        "cumulative_bandwidth_utilization_to_date_tb": "3.21",
        "average_session_duration": " 00:03:09.000",
        "new_subscribers_per_week": "5223",
        "total_subscribers_per_week": "8322",
        "cumulative_subscribers_to_date": "15920"
    },
    {
        "week": "Week of 3/28/2016",
        "sessions_per_week": "158420",
        "cumulative_sessions_to_date": "540186",
        "bandwidth_utilization_per_week_tb": "1.315",
        "cumulative_bandwidth_utilization_to_date_tb": "5.28",
        "average_session_duration": " 00:02:53.000",
        "new_subscribers_per_week": "6235",
        "total_subscribers_per_week": "10961",
        "cumulative_subscribers_to_date": "22232"
    },
    {
        "week": "Week of 4/4/2016",
        "sessions_per_week": "232615",
        "cumulative_sessions_to_date": "772801",
        "bandwidth_utilization_per_week_tb": "1.975",
        "cumulative_bandwidth_utilization_to_date_tb": "7.25",
        "average_session_duration": " 00:02:58.000",
        "new_subscribers_per_week": "8558",
        "total_subscribers_per_week": "15480",
        "cumulative_subscribers_to_date": "30901"
    },
    {
        "week": "Week of 4/11/2016",
        "sessions_per_week": "265788",
        "cumulative_sessions_to_date": "1038587",
        "bandwidth_utilization_per_week_tb": "2.045",
        "cumulative_bandwidth_utilization_to_date_tb": "9.29",
        "average_session_duration": " 00:02:41.000",
        "new_subscribers_per_week": "8354",
        "total_subscribers_per_week": "17622",
        "cumulative_subscribers_to_date": "39355"
    },
    {
        "week": "Week of 4/18/2016",
        "sessions_per_week": "295665",
        "cumulative_sessions_to_date": "1334252",
        "bandwidth_utilization_per_week_tb": "2.19",
        "cumulative_bandwidth_utilization_to_date_tb": "11.47",
        "average_session_duration": " 00:02:42.000",
        "new_subscribers_per_week": "8918",
        "total_subscribers_per_week": "19662",
        "cumulative_subscribers_to_date": "48412"
    },
    {
        "week": "Week of 4/25/2016",
        "sessions_per_week": "398208",
        "cumulative_sessions_to_date": "1732457",
        "bandwidth_utilization_per_week_tb": "3.26",
        "cumulative_bandwidth_utilization_to_date_tb": "14.74",
        "average_session_duration": " 00:02:55.000",
        "new_subscribers_per_week": "13938",
        "total_subscribers_per_week": "26751",
        "cumulative_subscribers_to_date": "62517"
    },
    {
        "week": "Week of 5/2/2016",
        "sessions_per_week": "461639",
        "cumulative_sessions_to_date": "2194096",
        "bandwidth_utilization_per_week_tb": "3.74",
        "cumulative_bandwidth_utilization_to_date_tb": "18.48",
        "average_session_duration": " 00:02:57.000",
        "new_subscribers_per_week": "14630",
        "total_subscribers_per_week": "30871",
        "cumulative_subscribers_to_date": "77352"
    },
    {
        "week": "Week of 5/9/2016",
        "sessions_per_week": "534479",
        "cumulative_sessions_to_date": "2728575",
        "bandwidth_utilization_per_week_tb": "4.39",
        "cumulative_bandwidth_utilization_to_date_tb": "22.87",
        "average_session_duration": " 00:02:56.000",
        "new_subscribers_per_week": "15366",
        "total_subscribers_per_week": "34288",
        "cumulative_subscribers_to_date": "92941"
    },
    {
        "week": "Week of 5/16/2016",
        "sessions_per_week": "564942",
        "cumulative_sessions_to_date": "3293515",
        "bandwidth_utilization_per_week_tb": "4.43",
        "cumulative_bandwidth_utilization_to_date_tb": "27.3",
        "average_session_duration": " 00:02:58.000",
        "new_subscribers_per_week": "15536",
        "total_subscribers_per_week": "36269",
        "cumulative_subscribers_to_date": "108671"
    },
    {
        "week": "Week of 5/23/2016",
        "sessions_per_week": "630668",
        "cumulative_sessions_to_date": "3924182",
        "bandwidth_utilization_per_week_tb": "5.03",
        "cumulative_bandwidth_utilization_to_date_tb": "32.33",
        "average_session_duration": " 00:02:55.000",
        "new_subscribers_per_week": "16277",
        "total_subscribers_per_week": "39053",
        "cumulative_subscribers_to_date": "125157"
    },
    {
        "week": "Week of 5/30/2016",
        "sessions_per_week": "626790",
        "cumulative_sessions_to_date": "4550969",
        "bandwidth_utilization_per_week_tb": "4.75",
        "cumulative_bandwidth_utilization_to_date_tb": "37.08",
        "average_session_duration": " 00:02:57.000",
        "new_subscribers_per_week": "15618",
        "total_subscribers_per_week": "40251",
        "cumulative_subscribers_to_date": "141040"
    },
    {
        "week": "Week of 6/6/2016",
        "sessions_per_week": "687625",
        "cumulative_sessions_to_date": "5238591",
        "bandwidth_utilization_per_week_tb": "5.49",
        "cumulative_bandwidth_utilization_to_date_tb": "42.57",
        "average_session_duration": " 00:02:57.000",
        "new_subscribers_per_week": "15186",
        "total_subscribers_per_week": "41830",
        "cumulative_subscribers_to_date": "156436"
    },
    {
        "week": "Week of 6/13/2016",
        "sessions_per_week": "714250",
        "cumulative_sessions_to_date": "5952837",
        "bandwidth_utilization_per_week_tb": "5.6",
        "cumulative_bandwidth_utilization_to_date_tb": "48.17",
        "average_session_duration": " 00:02:55.000",
        "new_subscribers_per_week": "15492",
        "total_subscribers_per_week": "43526",
        "cumulative_subscribers_to_date": "172136"
    },
    {
        "week": "Week of 6/20/2016",
        "sessions_per_week": "738350",
        "cumulative_sessions_to_date": "6691186",
        "bandwidth_utilization_per_week_tb": "5.6",
        "cumulative_bandwidth_utilization_to_date_tb": "53.77",
        "average_session_duration": " 00:02:55.000",
        "new_subscribers_per_week": "16544",
        "total_subscribers_per_week": "45667",
        "cumulative_subscribers_to_date": "188868"
    },
    {
        "week": "Week of 6/27/2016",
        "sessions_per_week": "752740",
        "cumulative_sessions_to_date": "7443924",
        "bandwidth_utilization_per_week_tb": "5.7",
        "cumulative_bandwidth_utilization_to_date_tb": "59.47",
        "average_session_duration": " 00:02:55.000",
        "new_subscribers_per_week": "16445",
        "total_subscribers_per_week": "46572",
        "cumulative_subscribers_to_date": "205533"
    },
    {
        "week": "Week of 7/4/2016",
        "sessions_per_week": "746462",
        "cumulative_sessions_to_date": "8190384",
        "bandwidth_utilization_per_week_tb": "6.19",
        "cumulative_bandwidth_utilization_to_date_tb": "65.66",
        "average_session_duration": " 00:03:06.000",
        "new_subscribers_per_week": "18204",
        "total_subscribers_per_week": "48709",
        "cumulative_subscribers_to_date": "223955"
    },
    {
        "week": "Week of 7/11/2016",
        "sessions_per_week": "893033",
        "cumulative_sessions_to_date": "9083415",
        "bandwidth_utilization_per_week_tb": "6.7",
        "cumulative_bandwidth_utilization_to_date_tb": "72.36",
        "average_session_duration": " 00:02:55.000",
        "new_subscribers_per_week": "21429",
        "total_subscribers_per_week": "56359",
        "cumulative_subscribers_to_date": "245704"
    },
    {
        "week": "Week of 7/18/2016",
        "sessions_per_week": "1035958",
        "cumulative_sessions_to_date": "10119373",
        "bandwidth_utilization_per_week_tb": "7.79",
        "cumulative_bandwidth_utilization_to_date_tb": "80.15",
        "average_session_duration": " 00:02:57.000",
        "new_subscribers_per_week": "26371",
        "total_subscribers_per_week": "64733",
        "cumulative_subscribers_to_date": "272394"
    },
    {
        "week": "Week of 7/25/2016",
        "sessions_per_week": "1193660",
        "cumulative_sessions_to_date": "11313032",
        "bandwidth_utilization_per_week_tb": "8.65",
        "cumulative_bandwidth_utilization_to_date_tb": "88.79",
        "average_session_duration": " 00:02:55.000",
        "new_subscribers_per_week": "29405",
        "total_subscribers_per_week": "71664",
        "cumulative_subscribers_to_date": "302184"
    },
    {
        "week": "Week of 8/1/2016",
        "sessions_per_week": "1377833",
        "cumulative_sessions_to_date": "12697236",
        "bandwidth_utilization_per_week_tb": "10.37",
        "cumulative_bandwidth_utilization_to_date_tb": "102.84",
        "average_session_duration": " 00:03:13.000",
        "new_subscribers_per_week": "21611",
        "total_subscribers_per_week": "67277",
        "cumulative_subscribers_to_date": "321912"
    },
    {
        "week": "Week of 8/8/2016",
        "sessions_per_week": "1585082",
        "cumulative_sessions_to_date": "14282318",
        "bandwidth_utilization_per_week_tb": "12.29",
        "cumulative_bandwidth_utilization_to_date_tb": "115.13",
        "average_session_duration": " 00:03:22.000",
        "new_subscribers_per_week": "28378",
        "total_subscribers_per_week": "73728",
        "cumulative_subscribers_to_date": "350592"
    },
    {
        "week": "Week of 8/15/2016",
        "sessions_per_week": "1663717",
        "cumulative_sessions_to_date": "15946035",
        "bandwidth_utilization_per_week_tb": "12.7",
        "cumulative_bandwidth_utilization_to_date_tb": "127.83",
        "average_session_duration": " 00:03:25.000",
        "new_subscribers_per_week": "30799",
        "total_subscribers_per_week": "79126",
        "cumulative_subscribers_to_date": "381696"
    },
    {
        "week": "Week of 8/21/2016",
        "sessions_per_week": "1775886",
        "cumulative_sessions_to_date": "17721921",
        "bandwidth_utilization_per_week_tb": "13.91",
        "cumulative_bandwidth_utilization_to_date_tb": "141.74",
        "average_session_duration": " 00:03:23.000",
        "new_subscribers_per_week": "32248",
        "total_subscribers_per_week": "83605",
        "cumulative_subscribers_to_date": "414213"
    },
    {
        "week": "Week of 8/29/2016",
        "sessions_per_week": "1641374",
        "cumulative_sessions_to_date": "19363295",
        "bandwidth_utilization_per_week_tb": "13.73",
        "cumulative_bandwidth_utilization_to_date_tb": "155.48",
        "average_session_duration": " 00:03:27.000",
        "new_subscribers_per_week": "24616",
        "total_subscribers_per_week": "77424",
        "cumulative_subscribers_to_date": "439082"
    },
    {
        "week": "Week of 9/5/2016",
        "sessions_per_week": "1728568",
        "cumulative_sessions_to_date": "21091863",
        "bandwidth_utilization_per_week_tb": "13.84",
        "cumulative_bandwidth_utilization_to_date_tb": "169.31",
        "average_session_duration": " 00:03:22.000",
        "new_subscribers_per_week": "24129",
        "total_subscribers_per_week": "78640",
        "cumulative_subscribers_to_date": "463460"
    },
    {
        "week": "Week of 9/12/2016",
        "sessions_per_week": "1822249",
        "cumulative_sessions_to_date": "22914112",
        "bandwidth_utilization_per_week_tb": "15.36",
        "cumulative_bandwidth_utilization_to_date_tb": "184.68",
        "average_session_duration": " 00:03:16.000",
        "new_subscribers_per_week": "25714",
        "total_subscribers_per_week": "83660",
        "cumulative_subscribers_to_date": "489405"
    },
    {
        "week": "Week of 9/19/2016",
        "sessions_per_week": "785022",
        "cumulative_sessions_to_date": "23699134",
        "bandwidth_utilization_per_week_tb": "16.42",
        "cumulative_bandwidth_utilization_to_date_tb": "191.1",
        "average_session_duration": " 00:03:16.000",
        "new_subscribers_per_week": "10288",
        "total_subscribers_per_week": "54908",
        "cumulative_subscribers_to_date": "499761"
    },
    {
        "week": "Week of 9/26/2016",
        "sessions_per_week": "2569162",
        "cumulative_sessions_to_date": "28663930",
        "bandwidth_utilization_per_week_tb": "19.31",
        "cumulative_bandwidth_utilization_to_date_tb": "224.59",
        "average_session_duration": " 00:04:59.000",
        "new_subscribers_per_week": "30867",
        "total_subscribers_per_week": "201612",
        "cumulative_subscribers_to_date": "607188"
    },
    {
        "week": "Week of 10/3/2016",
        "sessions_per_week": "2656233",
        "cumulative_sessions_to_date": "31320163",
        "bandwidth_utilization_per_week_tb": "20.08",
        "cumulative_bandwidth_utilization_to_date_tb": "244.67",
        "average_session_duration": " 00:05:16.000",
        "new_subscribers_per_week": "34317",
        "total_subscribers_per_week": "209943",
        "cumulative_subscribers_to_date": "641505"
    },
    {
        "week": "Week of 10/10/2016",
        "sessions_per_week": "2797828",
        "cumulative_sessions_to_date": "34117991",
        "bandwidth_utilization_per_week_tb": "21.42",
        "cumulative_bandwidth_utilization_to_date_tb": "266.09",
        "average_session_duration": " 00:05:26.000",
        "new_subscribers_per_week": "30225",
        "total_subscribers_per_week": "217831",
        "cumulative_subscribers_to_date": "671730"
    },
    {
        "week": "Week of 10/17/2016",
        "sessions_per_week": "2966555",
        "cumulative_sessions_to_date": "37084545",
        "bandwidth_utilization_per_week_tb": "22.58",
        "cumulative_bandwidth_utilization_to_date_tb": "288.67",
        "average_session_duration": " 00:06:45.000",
        "new_subscribers_per_week": "25357",
        "total_subscribers_per_week": "225031",
        "cumulative_subscribers_to_date": "697087"
    },
    {
        "week": "Week of 10/24/2016",
        "sessions_per_week": "3004361",
        "cumulative_sessions_to_date": "40088906",
        "bandwidth_utilization_per_week_tb": "21.37",
        "cumulative_bandwidth_utilization_to_date_tb": "310.04",
        "average_session_duration": " 00:06:41.000",
        "new_subscribers_per_week": "30726",
        "total_subscribers_per_week": "228912",
        "cumulative_subscribers_to_date": "727813"
    },
    {
        "week": "Week of 10/31/2016",
        "sessions_per_week": "3339811",
        "cumulative_sessions_to_date": "43428717",
        "bandwidth_utilization_per_week_tb": "26.13",
        "cumulative_bandwidth_utilization_to_date_tb": "336.17",
        "average_session_duration": " 00:05:50.000",
        "new_subscribers_per_week": "36036",
        "total_subscribers_per_week": "240833",
        "cumulative_subscribers_to_date": "763849"
    },
    {
        "week": "Week of 11/7/2016",
        "sessions_per_week": "3415825",
        "cumulative_sessions_to_date": "46844542",
        "bandwidth_utilization_per_week_tb": "26.96",
        "cumulative_bandwidth_utilization_to_date_tb": "363.13",
        "average_session_duration": "0:05:37",
        "new_subscribers_per_week": "20821",
        "total_subscribers_per_week": "243175",
        "cumulative_subscribers_to_date": "784670"
    },
    {
        "week": "Week of 11/14/2016",
        "sessions_per_week": "3711319",
        "cumulative_sessions_to_date": "50555861",
        "bandwidth_utilization_per_week_tb": "26.27",
        "cumulative_bandwidth_utilization_to_date_tb": "389.4",
        "average_session_duration": " 00:05:08.000",
        "new_subscribers_per_week": "28792",
        "total_subscribers_per_week": "246763",
        "cumulative_subscribers_to_date": "813462"
    },
    {
        "week": "Week of 11/21/2016",
        "sessions_per_week": "3374213",
        "cumulative_sessions_to_date": "53930074",
        "bandwidth_utilization_per_week_tb": "24.52",
        "cumulative_bandwidth_utilization_to_date_tb": "413.64",
        "average_session_duration": " 00:06:04.000",
        "new_subscribers_per_week": "31653",
        "total_subscribers_per_week": "246122",
        "cumulative_subscribers_to_date": "845115"
    },
    {
        "week": "Week of 11/28/2016",
        "sessions_per_week": "3820644",
        "cumulative_sessions_to_date": "57750718",
        "bandwidth_utilization_per_week_tb": "27.01",
        "cumulative_bandwidth_utilization_to_date_tb": "440.64",
        "average_session_duration": " 00:08:05.000",
        "new_subscribers_per_week": "25809",
        "total_subscribers_per_week": "254982",
        "cumulative_subscribers_to_date": "870924"
    },
    {
        "week": "Week of 12/5/2016",
        "sessions_per_week": "3918249",
        "cumulative_sessions_to_date": "61668967",
        "bandwidth_utilization_per_week_tb": "27.75",
        "cumulative_bandwidth_utilization_to_date_tb": "468.39",
        "average_session_duration": "NA",
        "new_subscribers_per_week": "24861",
        "total_subscribers_per_week": "261267",
        "cumulative_subscribers_to_date": "895785"
    },
    {
        "week": "Week of 12/12/2016",
        "sessions_per_week": "3856446",
        "cumulative_sessions_to_date": "65525413",
        "bandwidth_utilization_per_week_tb": "27.53",
        "cumulative_bandwidth_utilization_to_date_tb": "495.92",
        "average_session_duration": " 00:05:59.000",
        "new_subscribers_per_week": "25617",
        "total_subscribers_per_week": "257312",
        "cumulative_subscribers_to_date": "921402"
    },
    {
        "week": "Week of 12/19/2016",
        "sessions_per_week": "4007559",
        "cumulative_sessions_to_date": "69532972",
        "bandwidth_utilization_per_week_tb": "29.02",
        "cumulative_bandwidth_utilization_to_date_tb": "524.94",
        "average_session_duration": "0:05:50",
        "new_subscribers_per_week": "40073",
        "total_subscribers_per_week": "268875",
        "cumulative_subscribers_to_date": "961475"
    },
    {
        "week": "Week of 12/26/2016",
        "sessions_per_week": "4306985",
        "cumulative_sessions_to_date": "73839957",
        "bandwidth_utilization_per_week_tb": "30.77",
        "cumulative_bandwidth_utilization_to_date_tb": "555.71",
        "average_session_duration": " 00:08:09.000",
        "new_subscribers_per_week": "42729",
        "total_subscribers_per_week": "296875",
        "cumulative_subscribers_to_date": "1004204"
    },
    {
        "week": "Week of 1/2/2017",
        "sessions_per_week": "4020306",
        "cumulative_sessions_to_date": "77860263",
        "bandwidth_utilization_per_week_tb": "29.2",
        "cumulative_bandwidth_utilization_to_date_tb": "554.14",
        "average_session_duration": " 00:06:54.000",
        "new_subscribers_per_week": "33774",
        "total_subscribers_per_week": "283136",
        "cumulative_subscribers_to_date": "1037978"
    },
    {
        "week": "Week of 1/9/2017",
        "sessions_per_week": "3890622",
        "cumulative_sessions_to_date": "81750885",
        "bandwidth_utilization_per_week_tb": "26.75",
        "cumulative_bandwidth_utilization_to_date_tb": "611.66",
        "average_session_duration": " 00:07:07.000",
        "new_subscribers_per_week": "21907",
        "total_subscribers_per_week": "271031",
        "cumulative_subscribers_to_date": "1059885"
    },
    {
        "week": "Week of 1/16/2017",
        "sessions_per_week": "4160809",
        "cumulative_sessions_to_date": "85911694",
        "bandwidth_utilization_per_week_tb": "28.64",
        "cumulative_bandwidth_utilization_to_date_tb": "644.18",
        "average_session_duration": " 00:04:29.000",
        "new_subscribers_per_week": "26696",
        "total_subscribers_per_week": "278513",
        "cumulative_subscribers_to_date": "1086581"
    },
    {
        "week": "Week of 1/23/2017",
        "sessions_per_week": "4323824",
        "cumulative_sessions_to_date": "90235518",
        "bandwidth_utilization_per_week_tb": "30.26",
        "cumulative_bandwidth_utilization_to_date_tb": "678.13",
        "average_session_duration": " 00:04:29.000",
        "new_subscribers_per_week": "24368",
        "total_subscribers_per_week": "285875",
        "cumulative_subscribers_to_date": "1110949"
    },
    {
        "week": "Week of 1/30/2017",
        "sessions_per_week": "4656164",
        "cumulative_sessions_to_date": "94891682",
        "bandwidth_utilization_per_week_tb": "32.24",
        "cumulative_bandwidth_utilization_to_date_tb": "714.74",
        "average_session_duration": " 00:04:54.000",
        "new_subscribers_per_week": "27572",
        "total_subscribers_per_week": "296558",
        "cumulative_subscribers_to_date": "1138521"
    },
    {
        "week": "Week of 2/6/2017",
        "sessions_per_week": "4528495",
        "cumulative_sessions_to_date": "99420177",
        "bandwidth_utilization_per_week_tb": "31.07",
        "cumulative_bandwidth_utilization_to_date_tb": "750.13",
        "average_session_duration": " 00:04:55.000",
        "new_subscribers_per_week": "23262",
        "total_subscribers_per_week": "297366",
        "cumulative_subscribers_to_date": "1161783"
    },
    {
        "week": "Week of 2/13/2017",
        "sessions_per_week": "5080560",
        "cumulative_sessions_to_date": "104500737",
        "bandwidth_utilization_per_week_tb": "32.72",
        "cumulative_bandwidth_utilization_to_date_tb": "787.71",
        "average_session_duration": " 00:04:57.000",
        "new_subscribers_per_week": "33196",
        "total_subscribers_per_week": "322806",
        "cumulative_subscribers_to_date": "1194979"
    },
    {
        "week": "Week of 2/20/2017",
        "sessions_per_week": "5276948",
        "cumulative_sessions_to_date": "109777685",
        "bandwidth_utilization_per_week_tb": "36.25",
        "cumulative_bandwidth_utilization_to_date_tb": "829.4",
        "average_session_duration": " 00:04:24.000",
        "new_subscribers_per_week": "33925",
        "total_subscribers_per_week": "335773",
        "cumulative_subscribers_to_date": "1228904"
    },
    {
        "week": "Week of 2/27/2017",
        "sessions_per_week": "5395485",
        "cumulative_sessions_to_date": "115173170",
        "bandwidth_utilization_per_week_tb": "36.57",
        "cumulative_bandwidth_utilization_to_date_tb": "870.86",
        "average_session_duration": " 00:04:20.000",
        "new_subscribers_per_week": "27546",
        "total_subscribers_per_week": "337532",
        "cumulative_subscribers_to_date": "1256450"
    },
    {
        "week": "Week of 3/6/2017",
        "sessions_per_week": "5246526",
        "cumulative_sessions_to_date": "120419696",
        "bandwidth_utilization_per_week_tb": "36.08",
        "cumulative_bandwidth_utilization_to_date_tb": "911.88",
        "average_session_duration": " 00:04:22.000",
        "new_subscribers_per_week": "24201",
        "total_subscribers_per_week": "337109",
        "cumulative_subscribers_to_date": "1280651"
    },
    {
        "week": "Week of 3/13/2017",
        "sessions_per_week": "5089725",
        "cumulative_sessions_to_date": "125509421",
        "bandwidth_utilization_per_week_tb": "34.37",
        "cumulative_bandwidth_utilization_to_date_tb": "951.31",
        "average_session_duration": " 00:04:35.000",
        "new_subscribers_per_week": "28588",
        "total_subscribers_per_week": "329391",
        "cumulative_subscribers_to_date": "1309239"
    },
    {
        "week": "Week of 3/20/2017",
        "sessions_per_week": "5967035",
        "cumulative_sessions_to_date": "131476456",
        "bandwidth_utilization_per_week_tb": "39.91",
        "cumulative_bandwidth_utilization_to_date_tb": "996.62",
        "average_session_duration": " 00:04:25.000",
        "new_subscribers_per_week": "30209",
        "total_subscribers_per_week": "353800",
        "cumulative_subscribers_to_date": "1339448"
    },
    {
        "week": "Week of 3/27/2017",
        "sessions_per_week": "5984897",
        "cumulative_sessions_to_date": "137461353",
        "bandwidth_utilization_per_week_tb": "38.98",
        "cumulative_bandwidth_utilization_to_date_tb": "1041.21",
        "average_session_duration": " 00:04:17.000",
        "new_subscribers_per_week": "33603",
        "total_subscribers_per_week": "361819",
        "cumulative_subscribers_to_date": "1373051"
    },
    {
        "week": "Week of 4/3/2017",
        "sessions_per_week": "6520665",
        "cumulative_sessions_to_date": "143982018",
        "bandwidth_utilization_per_week_tb": "41.49",
        "cumulative_bandwidth_utilization_to_date_tb": "1088.87",
        "average_session_duration": " 00:03:55.000",
        "new_subscribers_per_week": "47557",
        "total_subscribers_per_week": "385427",
        "cumulative_subscribers_to_date": "1420608"
    },
    {
        "week": "Week of 4/10/2017",
        "sessions_per_week": "7089679",
        "cumulative_sessions_to_date": "151071697",
        "bandwidth_utilization_per_week_tb": "42.53",
        "cumulative_bandwidth_utilization_to_date_tb": "1139.11",
        "average_session_duration": " 00:03:53.000",
        "new_subscribers_per_week": "43631",
        "total_subscribers_per_week": "418491",
        "cumulative_subscribers_to_date": "1464239"
    },
    {
        "week": "Week of 5/1/2017",
        "sessions_per_week": "7320185",
        "cumulative_sessions_to_date": "159214706",
        "bandwidth_utilization_per_week_tb": "42.62",
        "cumulative_bandwidth_utilization_to_date_tb": "1287",
        "average_session_duration": " 00:03:54.000",
        "new_subscribers_per_week": "37810",
        "total_subscribers_per_week": "425653",
        "cumulative_subscribers_to_date": "1583481"
    },
    {
        "week": "Week of 5/8/2017",
        "sessions_per_week": "7373686",
        "cumulative_sessions_to_date": "166588392",
        "bandwidth_utilization_per_week_tb": "46.29",
        "cumulative_bandwidth_utilization_to_date_tb": "1340.35",
        "average_session_duration": " 00:04:02.000",
        "new_subscribers_per_week": "36600",
        "total_subscribers_per_week": "430240",
        "cumulative_subscribers_to_date": "1620081"
    },
    {
        "week": "Week of 5/15/2017",
        "sessions_per_week": "7817309",
        "cumulative_sessions_to_date": "174405701",
        "bandwidth_utilization_per_week_tb": "47.6",
        "cumulative_bandwidth_utilization_to_date_tb": "1396.29",
        "average_session_duration": " 00:03:55.000",
        "new_subscribers_per_week": "40560",
        "total_subscribers_per_week": "448986",
        "cumulative_subscribers_to_date": "1660641"
    },
    {
        "week": "Week of 5/22/2017",
        "sessions_per_week": "7552138",
        "cumulative_sessions_to_date": "181957839",
        "bandwidth_utilization_per_week_tb": "49.67",
        "cumulative_bandwidth_utilization_to_date_tb": "1455.33",
        "average_session_duration": " 00:03:59.000",
        "new_subscribers_per_week": "43333",
        "total_subscribers_per_week": "451085",
        "cumulative_subscribers_to_date": "1703974"
    },
    {
        "week": "Week of 5/29/2017",
        "sessions_per_week": "7877845",
        "cumulative_sessions_to_date": "189835684",
        "bandwidth_utilization_per_week_tb": "35.97",
        "cumulative_bandwidth_utilization_to_date_tb": "1498.59",
        "average_session_duration": " 00:03:39.000",
        "new_subscribers_per_week": "42007",
        "total_subscribers_per_week": "458998",
        "cumulative_subscribers_to_date": "1745981"
    },
    {
        "week": "Week of 6/5/2017",
        "sessions_per_week": "7897827",
        "cumulative_sessions_to_date": "197733511",
        "bandwidth_utilization_per_week_tb": "39.5",
        "cumulative_bandwidth_utilization_to_date_tb": "1545.46",
        "average_session_duration": " 00:03:46.000",
        "new_subscribers_per_week": "40998",
        "total_subscribers_per_week": "469036",
        "cumulative_subscribers_to_date": "1786979"
    },
    {
        "week": "Week of 6/12/2017",
        "sessions_per_week": "7778416",
        "cumulative_sessions_to_date": "205511927",
        "bandwidth_utilization_per_week_tb": "40.4",
        "cumulative_bandwidth_utilization_to_date_tb": "1593.23",
        "average_session_duration": " 00:03:48.000",
        "new_subscribers_per_week": "42308",
        "total_subscribers_per_week": "471615",
        "cumulative_subscribers_to_date": "1829287"
    },
    {
        "week": "Week of 6/19/2017",
        "sessions_per_week": "7888427",
        "cumulative_sessions_to_date": "213400354",
        "bandwidth_utilization_per_week_tb": "42.65",
        "cumulative_bandwidth_utilization_to_date_tb": "1644.7",
        "average_session_duration": " 00:03:50.000",
        "new_subscribers_per_week": "46795",
        "total_subscribers_per_week": "484295",
        "cumulative_subscribers_to_date": "1876082"
    },
    {
        "week": "Week of 6/26/2017",
        "sessions_per_week": "8342745",
        "cumulative_sessions_to_date": "221743099",
        "bandwidth_utilization_per_week_tb": "46.99",
        "cumulative_bandwidth_utilization_to_date_tb": "1700.78",
        "average_session_duration": " 00:03:51.000",
        "new_subscribers_per_week": "49271",
        "total_subscribers_per_week": "498107",
        "cumulative_subscribers_to_date": "1925353"
    },
    {
        "week": "Week of 7/3/2017",
        "sessions_per_week": "7638826",
        "cumulative_sessions_to_date": "229381925",
        "bandwidth_utilization_per_week_tb": "46.85",
        "cumulative_bandwidth_utilization_to_date_tb": "1757.66",
        "average_session_duration": " 00:03:57.000",
        "new_subscribers_per_week": "48695",
        "total_subscribers_per_week": "483193",
        "cumulative_subscribers_to_date": "1974048"
    },
    {
        "week": "Week of 7/10/2017",
        "sessions_per_week": "8569292",
        "cumulative_sessions_to_date": "237951217",
        "bandwidth_utilization_per_week_tb": "53.11",
        "cumulative_bandwidth_utilization_to_date_tb": "1820.31",
        "average_session_duration": " 00:03:55.000",
        "new_subscribers_per_week": "53592",
        "total_subscribers_per_week": "510845",
        "cumulative_subscribers_to_date": "2027640"
    },
    {
        "week": "Week of 7/17/2017",
        "sessions_per_week": "8915523",
        "cumulative_sessions_to_date": "246866740",
        "bandwidth_utilization_per_week_tb": "55.22",
        "cumulative_bandwidth_utilization_to_date_tb": "1885.04",
        "average_session_duration": " 00:03:53.000",
        "new_subscribers_per_week": "55013",
        "total_subscribers_per_week": "528995",
        "cumulative_subscribers_to_date": "2082653"
    },
    {
        "week": "Week of 7/24/2017",
        "sessions_per_week": "9398268",
        "cumulative_sessions_to_date": "256265008",
        "bandwidth_utilization_per_week_tb": "57.97",
        "cumulative_bandwidth_utilization_to_date_tb": "1953.04",
        "average_session_duration": " 00:03:52.000",
        "new_subscribers_per_week": "56401",
        "total_subscribers_per_week": "547851",
        "cumulative_subscribers_to_date": "2139054"
    },
    {
        "week": "Week of 7/31/2017",
        "sessions_per_week": "9580048",
        "cumulative_sessions_to_date": "265845056",
        "bandwidth_utilization_per_week_tb": "58.87",
        "cumulative_bandwidth_utilization_to_date_tb": "2022.4",
        "average_session_duration": " 00:03:53.000",
        "new_subscribers_per_week": "58915",
        "total_subscribers_per_week": "556199",
        "cumulative_subscribers_to_date": "2197969"
    },
    {
        "week": "Week of 8/7/2017",
        "sessions_per_week": "9656124",
        "cumulative_sessions_to_date": "275501180",
        "bandwidth_utilization_per_week_tb": "61.91",
        "cumulative_bandwidth_utilization_to_date_tb": "2095.41",
        "average_session_duration": " 00:03:56.000",
        "new_subscribers_per_week": "60440",
        "total_subscribers_per_week": "563038",
        "cumulative_subscribers_to_date": "2258409"
    },
    {
        "week": "Week of 8/14/2017",
        "sessions_per_week": "9819144",
        "cumulative_sessions_to_date": "285320324",
        "bandwidth_utilization_per_week_tb": "63.12",
        "cumulative_bandwidth_utilization_to_date_tb": "2169.76",
        "average_session_duration": " 00:03:59.000",
        "new_subscribers_per_week": "56853",
        "total_subscribers_per_week": "567279",
        "cumulative_subscribers_to_date": "2315262"
    },
    {
        "week": "Week of 8/21/2017",
        "sessions_per_week": "10111693",
        "cumulative_sessions_to_date": "295432017",
        "bandwidth_utilization_per_week_tb": "64.95",
        "cumulative_bandwidth_utilization_to_date_tb": "2246.25",
        "average_session_duration": " 00:03:58.000",
        "new_subscribers_per_week": "56750",
        "total_subscribers_per_week": "572255",
        "cumulative_subscribers_to_date": "2372012"
    },
    {
        "week": "Week of 8/28/2017",
        "sessions_per_week": "9687488",
        "cumulative_sessions_to_date": "305119505",
        "bandwidth_utilization_per_week_tb": "61.79",
        "cumulative_bandwidth_utilization_to_date_tb": "2319.04",
        "average_session_duration": " 00:03:58.000",
        "new_subscribers_per_week": "54050",
        "total_subscribers_per_week": "573920",
        "cumulative_subscribers_to_date": "2426062"
    },
    {
        "week": "Week of 9/4/2017",
        "sessions_per_week": "10220838",
        "cumulative_sessions_to_date": "315340343",
        "bandwidth_utilization_per_week_tb": "65.75",
        "cumulative_bandwidth_utilization_to_date_tb": "2396.73",
        "average_session_duration": " 00:03:56.000",
        "new_subscribers_per_week": "56251",
        "total_subscribers_per_week": "601834",
        "cumulative_subscribers_to_date": "2482313"
    },
    {
        "week": "Week of 9/11/2017",
        "sessions_per_week": "11036060",
        "cumulative_sessions_to_date": "326376403",
        "bandwidth_utilization_per_week_tb": "68.43",
        "cumulative_bandwidth_utilization_to_date_tb": "2477.13",
        "average_session_duration": " 00:03:55.000",
        "new_subscribers_per_week": "52506",
        "total_subscribers_per_week": "614002",
        "cumulative_subscribers_to_date": "2534819"
    },
    {
        "week": "Week of 9/18/2017",
        "sessions_per_week": "10961493",
        "cumulative_sessions_to_date": "337337886",
        "bandwidth_utilization_per_week_tb": "75.84",
        "cumulative_bandwidth_utilization_to_date_tb": "2565.11",
        "average_session_duration": " 00:03:55.000",
        "new_subscribers_per_week": "50483",
        "total_subscribers_per_week": "620402",
        "cumulative_subscribers_to_date": "2585302"
    },
    {
        "week": "Week of 9/25/2017",
        "sessions_per_week": "11707655",
        "cumulative_sessions_to_date": "349045541",
        "bandwidth_utilization_per_week_tb": "78.59",
        "cumulative_bandwidth_utilization_to_date_tb": "2655.73",
        "average_session_duration": " 00:03:50.000",
        "new_subscribers_per_week": "46670",
        "total_subscribers_per_week": "622486",
        "cumulative_subscribers_to_date": "2631972"
    },
    {
        "week": "Week of 10/2/2017",
        "sessions_per_week": "11938781",
        "cumulative_sessions_to_date": "360984322",
        "bandwidth_utilization_per_week_tb": "79.11",
        "cumulative_bandwidth_utilization_to_date_tb": "2746.00",
        "average_session_duration": " 00:03:51.000",
        "new_subscribers_per_week": "53110",
        "total_subscribers_per_week": "632216",
        "cumulative_subscribers_to_date": "2685082"
    },
    {
        "week": "Week of 10/9/2017",
        "sessions_per_week": "11424956",
        "cumulative_sessions_to_date": "372409278",
        "bandwidth_utilization_per_week_tb": "78.43",
        "cumulative_bandwidth_utilization_to_date_tb": "2835.43",
        "average_session_duration": " 00:03:50.000",
        "new_subscribers_per_week": "49212",
        "total_subscribers_per_week": "626115",
        "cumulative_subscribers_to_date": "2734294"
    },
    {
        "week": "Week of 10/16/2017",
        "sessions_per_week": "12487049",
        "cumulative_sessions_to_date": "384896327",
        "bandwidth_utilization_per_week_tb": "69.27",
        "cumulative_bandwidth_utilization_to_date_tb": "2914.85",
        "average_session_duration": " 00:03:54.000",
        "new_subscribers_per_week": "57239",
        "total_subscribers_per_week": "646886",
        "cumulative_subscribers_to_date": "2791533"
    },
    {
        "week": "Week of 10/23/2017",
        "sessions_per_week": "12533900",
        "cumulative_sessions_to_date": "397430227",
        "bandwidth_utilization_per_week_tb": "68.09",
        "cumulative_bandwidth_utilization_to_date_tb": "2992.73",
        "average_session_duration": " 00:03:55.000",
        "new_subscribers_per_week": "51028",
        "total_subscribers_per_week": "645161",
        "cumulative_subscribers_to_date": "2842561"
    },
    {
        "week": "Week of 10/29/2017",
        "sessions_per_week": "12734115",
        "cumulative_sessions_to_date": "410164342",
        "bandwidth_utilization_per_week_tb": "62.19",
        "cumulative_bandwidth_utilization_to_date_tb": "3064.1",
        "average_session_duration": " 00:03:53.000",
        "new_subscribers_per_week": "47291",
        "total_subscribers_per_week": "652330",
        "cumulative_subscribers_to_date": "2889852"
    },
    {
        "week": "Week of 11/6/2017",
        "sessions_per_week": "11731370",
        "cumulative_sessions_to_date": "421895712",
        "bandwidth_utilization_per_week_tb": "60.84",
        "cumulative_bandwidth_utilization_to_date_tb": "3132.6",
        "average_session_duration": " 00:04:02.000",
        "new_subscribers_per_week": "37867",
        "total_subscribers_per_week": "629208",
        "cumulative_subscribers_to_date": "2927719"
    },
    {
        "week": "Week of 11/13/2017",
        "sessions_per_week": "12210151",
        "cumulative_sessions_to_date": "434105863",
        "bandwidth_utilization_per_week_tb": "62.65",
        "cumulative_bandwidth_utilization_to_date_tb": "3203.26",
        "average_session_duration": " 00:04:03.000",
        "new_subscribers_per_week": "38038",
        "total_subscribers_per_week": "630133",
        "cumulative_subscribers_to_date": "2965757"
    },
    {
        "week": "Week of 11/20/2017",
        "sessions_per_week": "11245006",
        "cumulative_sessions_to_date": "445350869",
        "bandwidth_utilization_per_week_tb": "57.3",
        "cumulative_bandwidth_utilization_to_date_tb": "3269.16",
        "average_session_duration": " 00:04:14.000",
        "new_subscribers_per_week": "47305",
        "total_subscribers_per_week": "634448",
        "cumulative_subscribers_to_date": "3013062"
    },
    {
        "week": "Week of 11/27/2017",
        "sessions_per_week": "12695760",
        "cumulative_sessions_to_date": "458046629",
        "bandwidth_utilization_per_week_tb": "61.95",
        "cumulative_bandwidth_utilization_to_date_tb": "3340.03",
        "average_session_duration": " 00:04:10.000",
        "new_subscribers_per_week": "43492",
        "total_subscribers_per_week": "651075",
        "cumulative_subscribers_to_date": "3056554"
    },
    {
        "week": "Week of 12/4/2017",
        "sessions_per_week": "12405391",
        "cumulative_sessions_to_date": "470452020",
        "bandwidth_utilization_per_week_tb": "61.45",
        "cumulative_bandwidth_utilization_to_date_tb": "3410.12",
        "average_session_duration": " 00:04:01.000",
        "new_subscribers_per_week": "39543",
        "total_subscribers_per_week": "647945",
        "cumulative_subscribers_to_date": "3096097"
    },
    {
        "week": "Week of 12/11/2017",
        "sessions_per_week": "13664805",
        "cumulative_sessions_to_date": "484116825",
        "bandwidth_utilization_per_week_tb": "67.55",
        "cumulative_bandwidth_utilization_to_date_tb": "3486.74",
        "average_session_duration": " 00:03:56.000",
        "new_subscribers_per_week": "34264",
        "total_subscribers_per_week": "638111",
        "cumulative_subscribers_to_date": "3130361"
    },
    {
        "week": "Week of 12/18/2017",
        "sessions_per_week": "14909935",
        "cumulative_sessions_to_date": "499026760",
        "bandwidth_utilization_per_week_tb": "69.19",
        "cumulative_bandwidth_utilization_to_date_tb": "3565.27",
        "average_session_duration": " 00:03:54.000",
        "new_subscribers_per_week": "41984",
        "total_subscribers_per_week": "625153",
        "cumulative_subscribers_to_date": "3172345"
    },
    {
        "week": "Week of 12/25/2017",
        "sessions_per_week": "10888931",
        "cumulative_sessions_to_date": "509915691",
        "bandwidth_utilization_per_week_tb": "52.52",
        "cumulative_bandwidth_utilization_to_date_tb": "3625.6",
        "average_session_duration": " 00:04:09.000",
        "new_subscribers_per_week": "37953",
        "total_subscribers_per_week": "535506",
        "cumulative_subscribers_to_date": "3210298"
    },
    {
        "week": "Week of 1/1/2018",
        "sessions_per_week": "12896755",
        "cumulative_sessions_to_date": "522812446",
        "bandwidth_utilization_per_week_tb": "63.67",
        "cumulative_bandwidth_utilization_to_date_tb": "3699.3",
        "average_session_duration": " 00:04:18.000",
        "new_subscribers_per_week": "28587",
        "total_subscribers_per_week": "542104",
        "cumulative_subscribers_to_date": "3238885"
    },
    {
        "week": "Week of 1/8/2018",
        "sessions_per_week": "13962591",
        "cumulative_sessions_to_date": "536775037",
        "bandwidth_utilization_per_week_tb": "62.42",
        "cumulative_bandwidth_utilization_to_date_tb": "3770.02",
        "average_session_duration": " 00:04:02.000",
        "new_subscribers_per_week": "30573",
        "total_subscribers_per_week": "578257",
        "cumulative_subscribers_to_date": "3269458"
    },
    {
        "week": "Week of 1/15/2018",
        "sessions_per_week": "13104178",
        "cumulative_sessions_to_date": "549879215",
        "bandwidth_utilization_per_week_tb": "62.53",
        "cumulative_bandwidth_utilization_to_date_tb": "3840.68",
        "average_session_duration": " 00:04:05.000",
        "new_subscribers_per_week": "29410",
        "total_subscribers_per_week": "576506",
        "cumulative_subscribers_to_date": "3298868"
    },
    {
        "week": "Week of 1/22/2018",
        "sessions_per_week": "14106055",
        "cumulative_sessions_to_date": "563985270",
        "bandwidth_utilization_per_week_tb": "66.32",
        "cumulative_bandwidth_utilization_to_date_tb": "3915.1",
        "average_session_duration": " 00:04:03.000",
        "new_subscribers_per_week": "29236",
        "total_subscribers_per_week": "585456",
        "cumulative_subscribers_to_date": "3328104"
    },
    {
        "week": "Week of 1/29/2018",
        "sessions_per_week": "14181943",
        "cumulative_sessions_to_date": "578167213",
        "bandwidth_utilization_per_week_tb": "67.7",
        "cumulative_bandwidth_utilization_to_date_tb": "3990.57",
        "average_session_duration": " 00:04:03.000",
        "new_subscribers_per_week": "27860",
        "total_subscribers_per_week": "586949",
        "cumulative_subscribers_to_date": "3355964"
    },
    {
        "week": "Week of 2/5/2018",
        "sessions_per_week": "14058251",
        "cumulative_sessions_to_date": "592225464",
        "bandwidth_utilization_per_week_tb": "66.17",
        "cumulative_bandwidth_utilization_to_date_tb": "4064.7",
        "average_session_duration": " 00:03:58.000",
        "new_subscribers_per_week": "36091",
        "total_subscribers_per_week": "590681",
        "cumulative_subscribers_to_date": "3392055"
    },
    {
        "week": "Week of 2/12/2018",
        "sessions_per_week": "15275536",
        "cumulative_sessions_to_date": "607501000",
        "bandwidth_utilization_per_week_tb": "67.84",
        "cumulative_bandwidth_utilization_to_date_tb": "4141.25",
        "average_session_duration": " 00:03:53.000",
        "new_subscribers_per_week": "35708",
        "total_subscribers_per_week": "614412",
        "cumulative_subscribers_to_date": "3427763"
    },
    {
        "week": "Week of 2/19/2018",
        "sessions_per_week": "15384692",
        "cumulative_sessions_to_date": "622885692",
        "bandwidth_utilization_per_week_tb": "70.14",
        "cumulative_bandwidth_utilization_to_date_tb": "4220.53",
        "average_session_duration": " 00:03:54.000",
        "new_subscribers_per_week": "33834",
        "total_subscribers_per_week": "613048",
        "cumulative_subscribers_to_date": "3461597"
    },
    {
        "week": "Week of 2/26/2018",
        "sessions_per_week": "16140728",
        "cumulative_sessions_to_date": "639026420",
        "bandwidth_utilization_per_week_tb": "70.38",
        "cumulative_bandwidth_utilization_to_date_tb": "4299.75",
        "average_session_duration": " 00:03:52.000",
        "new_subscribers_per_week": "32692",
        "total_subscribers_per_week": "618980",
        "cumulative_subscribers_to_date": "3494289"
    },
    {
        "week": "Week of 3/5/2018",
        "sessions_per_week": "15937801",
        "cumulative_sessions_to_date": "654964221",
        "bandwidth_utilization_per_week_tb": "70.09",
        "cumulative_bandwidth_utilization_to_date_tb": "4378.87",
        "average_session_duration": " 00:03:52.000",
        "new_subscribers_per_week": "38275",
        "total_subscribers_per_week": "619477",
        "cumulative_subscribers_to_date": "3532564"
    },
    {
        "week": "Week of 3/12/2018",
        "sessions_per_week": "16603336",
        "cumulative_sessions_to_date": "671567557",
        "bandwidth_utilization_per_week_tb": "74.49",
        "cumulative_bandwidth_utilization_to_date_tb": "4463.15",
        "average_session_duration": " 00:03:54.000",
        "new_subscribers_per_week": "38849",
        "total_subscribers_per_week": "632801",
        "cumulative_subscribers_to_date": "3571413"
    },
    {
        "week": "Week of 3/19/2018",
        "sessions_per_week": "15962565",
        "cumulative_sessions_to_date": "687530122",
        "bandwidth_utilization_per_week_tb": "73.36",
        "cumulative_bandwidth_utilization_to_date_tb": "4545.91",
        "average_session_duration": " 00:03:56.000",
        "new_subscribers_per_week": "46813",
        "total_subscribers_per_week": "621058",
        "cumulative_subscribers_to_date": "3618226"
    },
    {
        "week": "Week of 3/26/2018",
        "sessions_per_week": "17668538",
        "cumulative_sessions_to_date": "705198660",
        "bandwidth_utilization_per_week_tb": "83.27",
        "cumulative_bandwidth_utilization_to_date_tb": "4639.86",
        "average_session_duration": " 00:03:51.000",
        "new_subscribers_per_week": "55518",
        "total_subscribers_per_week": "663757",
        "cumulative_subscribers_to_date": "3673744"
    },
    {
        "week": "Week of 4/2/2018",
        "sessions_per_week": "16934774",
        "cumulative_sessions_to_date": "722133434",
        "bandwidth_utilization_per_week_tb": "78.37",
        "cumulative_bandwidth_utilization_to_date_tb": "4728.22",
        "average_session_duration": " 00:03:54.000",
        "new_subscribers_per_week": "44352",
        "total_subscribers_per_week": "644189",
        "cumulative_subscribers_to_date": "3718096"
    },
    {
        "week": "Week of 4/9/2018",
        "sessions_per_week": "18614283",
        "cumulative_sessions_to_date": "740747717",
        "bandwidth_utilization_per_week_tb": "82.19",
        "cumulative_bandwidth_utilization_to_date_tb": "4820.96",
        "average_session_duration": " 00:03:49.000",
        "new_subscribers_per_week": "46250",
        "total_subscribers_per_week": "656199",
        "cumulative_subscribers_to_date": "3764346"
    },
    {
        "week": "Week of 4/16/2018",
        "sessions_per_week": "18618925",
        "cumulative_sessions_to_date": "759366642",
        "bandwidth_utilization_per_week_tb": "77",
        "cumulative_bandwidth_utilization_to_date_tb": "4908.58",
        "average_session_duration": " 00:03:46.000",
        "new_subscribers_per_week": "48569",
        "total_subscribers_per_week": "662323",
        "cumulative_subscribers_to_date": "3812915"
    },
    {
        "week": "Week of 4/23/2018",
        "sessions_per_week": "19679955",
        "cumulative_sessions_to_date": "779046597",
        "bandwidth_utilization_per_week_tb": "79.42",
        "cumulative_bandwidth_utilization_to_date_tb": "4999.47",
        "average_session_duration": " 00:03:45.000",
        "new_subscribers_per_week": "58794",
        "total_subscribers_per_week": "682581",
        "cumulative_subscribers_to_date": "3871709"
    },
    {
        "week": "Week of 4/30/2018",
        "sessions_per_week": "20702208",
        "cumulative_sessions_to_date": "799748805",
        "bandwidth_utilization_per_week_tb": "83.1",
        "cumulative_bandwidth_utilization_to_date_tb": "5095.24",
        "average_session_duration": " 00:03:45.000",
        "new_subscribers_per_week": "53541",
        "total_subscribers_per_week": "698208",
        "cumulative_subscribers_to_date": "3925250"
    },
    {
        "week": "Week of 5/7/2018",
        "sessions_per_week": "19965391",
        "cumulative_sessions_to_date": "819714196",
        "bandwidth_utilization_per_week_tb": "82.1",
        "cumulative_bandwidth_utilization_to_date_tb": "5189.31",
        "average_session_duration": " 00:03:45.000",
        "new_subscribers_per_week": "45362",
        "total_subscribers_per_week": "692075",
        "cumulative_subscribers_to_date": "3970612"
    },
    {
        "week": "Week of 5/14/2018",
        "sessions_per_week": "19020482",
        "cumulative_sessions_to_date": "838734678",
        "bandwidth_utilization_per_week_tb": "79.32",
        "cumulative_bandwidth_utilization_to_date_tb": "5279.61",
        "average_session_duration": " 00:03:43.000",
        "new_subscribers_per_week": "58313",
        "total_subscribers_per_week": "684821",
        "cumulative_subscribers_to_date": "4028925"
    },
    {
        "week": "Week of 5/21/2018",
        "sessions_per_week": "19558247",
        "cumulative_sessions_to_date": "858292925",
        "bandwidth_utilization_per_week_tb": "78.12",
        "cumulative_bandwidth_utilization_to_date_tb": "5369.04",
        "average_session_duration": " 00:03:45.000",
        "new_subscribers_per_week": "54286",
        "total_subscribers_per_week": "689799",
        "cumulative_subscribers_to_date": "4083211"
    },
    {
        "week": "Week of 5/28/2018",
        "sessions_per_week": "19531646",
        "cumulative_sessions_to_date": "877824571",
        "bandwidth_utilization_per_week_tb": "80.25",
        "cumulative_bandwidth_utilization_to_date_tb": "5460.8",
        "average_session_duration": " 00:03:44.000",
        "new_subscribers_per_week": "50496",
        "total_subscribers_per_week": "688809",
        "cumulative_subscribers_to_date": "4133707"
    },
    {
        "week": "Week of 6/4/2018",
        "sessions_per_week": "20743058",
        "cumulative_sessions_to_date": "898567629",
        "bandwidth_utilization_per_week_tb": "90.23",
        "cumulative_bandwidth_utilization_to_date_tb": "5563.75",
        "average_session_duration": " 00:03:44.000",
        "new_subscribers_per_week": "56298",
        "total_subscribers_per_week": "694176",
        "cumulative_subscribers_to_date": "4190005"
    },
    {
        "week": "Week of 6/11/2018",
        "sessions_per_week": "19392149",
        "cumulative_sessions_to_date": "917959778",
        "bandwidth_utilization_per_week_tb": "88.63",
        "cumulative_bandwidth_utilization_to_date_tb": "5664.28",
        "average_session_duration": " 00:03:49.000",
        "new_subscribers_per_week": "50978",
        "total_subscribers_per_week": "698093",
        "cumulative_subscribers_to_date": "4240983"
    },
    {
        "week": "Week of 6/18/2018",
        "sessions_per_week": "19601189",
        "cumulative_sessions_to_date": "937560967",
        "bandwidth_utilization_per_week_tb": "88.89",
        "cumulative_bandwidth_utilization_to_date_tb": "5765.57",
        "average_session_duration": " 00:03:50.000",
        "new_subscribers_per_week": "53141",
        "total_subscribers_per_week": "703195",
        "cumulative_subscribers_to_date": "4294124"
    },
    {
        "week": "Week of 6/25/2018",
        "sessions_per_week": "19246221",
        "cumulative_sessions_to_date": "956807188",
        "bandwidth_utilization_per_week_tb": "83.74",
        "cumulative_bandwidth_utilization_to_date_tb": "5860.04",
        "average_session_duration": " 00:03:41.000",
        "new_subscribers_per_week": "53507",
        "total_subscribers_per_week": "706160",
        "cumulative_subscribers_to_date": "4347631"
    },
    {
        "week": "Week of 7/2/2018",
        "sessions_per_week": "17246747",
        "cumulative_sessions_to_date": "974053935",
        "bandwidth_utilization_per_week_tb": "68.93",
        "cumulative_bandwidth_utilization_to_date_tb": "5938.35",
        "average_session_duration": " 00:03:33.000",
        "new_subscribers_per_week": "50975",
        "total_subscribers_per_week": "684547",
        "cumulative_subscribers_to_date": "4398606"
    },
    {
        "week": "Week of 7/9/2018",
        "sessions_per_week": "20877757",
        "cumulative_sessions_to_date": "994931692",
        "bandwidth_utilization_per_week_tb": "77.58",
        "cumulative_bandwidth_utilization_to_date_tb": "6026.84",
        "average_session_duration": " 00:03:29.000",
        "new_subscribers_per_week": "59387",
        "total_subscribers_per_week": "713495",
        "cumulative_subscribers_to_date": "4457993"
    },
    {
        "week": "Week of 7/16/2018",
        "sessions_per_week": "20939718",
        "cumulative_sessions_to_date": "1015871410",
        "bandwidth_utilization_per_week_tb": "90.29",
        "cumulative_bandwidth_utilization_to_date_tb": "6129.48",
        "average_session_duration": " 00:03:43.000",
        "new_subscribers_per_week": "60341",
        "total_subscribers_per_week": "720086",
        "cumulative_subscribers_to_date": "4518334"
    },
    {
        "week": "Week of 7/23/2018",
        "sessions_per_week": "20789821",
        "cumulative_sessions_to_date": "1036661331",
        "bandwidth_utilization_per_week_tb": "88.99",
        "cumulative_bandwidth_utilization_to_date_tb": "6230.39",
        "average_session_duration": " 00:03:42.000",
        "new_subscribers_per_week": "48334",
        "total_subscribers_per_week": "724687",
        "cumulative_subscribers_to_date": "4566668"
    },
    {
        "week": "Week of 7/30/2018",
        "sessions_per_week": "20959208",
        "cumulative_sessions_to_date": "1057620539",
        "bandwidth_utilization_per_week_tb": "90.45",
        "cumulative_bandwidth_utilization_to_date_tb": "6333.31",
        "average_session_duration": " 00:03:43.000",
        "new_subscribers_per_week": "61056",
        "total_subscribers_per_week": "727594",
        "cumulative_subscribers_to_date": "4627724"
    },
    {
        "week": "Week of 8/6/2018",
        "sessions_per_week": "20561266",
        "cumulative_sessions_to_date": "1078181805",
        "bandwidth_utilization_per_week_tb": "87.49",
        "cumulative_bandwidth_utilization_to_date_tb": "6432.82",
        "average_session_duration": " 00:03:44.000",
        "new_subscribers_per_week": "47125",
        "total_subscribers_per_week": "721993",
        "cumulative_subscribers_to_date": "4674829"
    },
    {
        "week": "Week of 8/12/2018",
        "sessions_per_week": "14608378",
        "cumulative_sessions_to_date": "1092790183",
        "bandwidth_utilization_per_week_tb": "62.92",
        "cumulative_bandwidth_utilization_to_date_tb": "6504.11",
        "average_session_duration": " 00:03:45.000",
        "new_subscribers_per_week": "53673",
        "total_subscribers_per_week": "684588",
        "cumulative_subscribers_to_date": "4728522"
    },
    {
        "week": "Week of 8/20/2018",
        "sessions_per_week": "14608378",
        "cumulative_sessions_to_date": "1092790183",
        "bandwidth_utilization_per_week_tb": "62.92",
        "cumulative_bandwidth_utilization_to_date_tb": "6504.11",
        "average_session_duration": " 00:03:42.000",
        "new_subscribers_per_week": "53673",
        "total_subscribers_per_week": "684588",
        "cumulative_subscribers_to_date": "4728522"
    },
    {
        "week": "Week of 8/26/2018",
        "sessions_per_week": "19669789",
        "cumulative_sessions_to_date": "1112459972",
        "bandwidth_utilization_per_week_tb": "78.09",
        "cumulative_bandwidth_utilization_to_date_tb": "6593.19",
        "average_session_duration": " 00:03:45.000",
        "new_subscribers_per_week": "64660",
        "total_subscribers_per_week": "716667",
        "cumulative_subscribers_to_date": "4793182"
    },
    {
        "week": "Week of 9/2/2018",
        "sessions_per_week": "20243502",
        "cumulative_sessions_to_date": "1132703474",
        "bandwidth_utilization_per_week_tb": "88.66",
        "cumulative_bandwidth_utilization_to_date_tb": "6693.31",
        "average_session_duration": " 00:03:45.000",
        "new_subscribers_per_week": "55442",
        "total_subscribers_per_week": "719554",
        "cumulative_subscribers_to_date": "4848624"
    },
    {
        "week": "Week of 9/9/2018",
        "sessions_per_week": "20363639",
        "cumulative_sessions_to_date": "1153067113",
        "bandwidth_utilization_per_week_tb": "89.56",
        "cumulative_bandwidth_utilization_to_date_tb": "6794.95",
        "average_session_duration": " 00:03:45.000",
        "new_subscribers_per_week": "54212",
        "total_subscribers_per_week": "726602",
        "cumulative_subscribers_to_date": "4902836"
    },
    {
        "week": "Week of 9/16/2018",
        "sessions_per_week": "21060213",
        "cumulative_sessions_to_date": "1174127326",
        "bandwidth_utilization_per_week_tb": "94.29",
        "cumulative_bandwidth_utilization_to_date_tb": "6901.11",
        "average_session_duration": " 00:03:44.000",
        "new_subscribers_per_week": "54690",
        "total_subscribers_per_week": "728172",
        "cumulative_subscribers_to_date": "4957526"
    },
    {
        "week": "Week of 9/23/2018",
        "sessions_per_week": "21943924",
        "cumulative_sessions_to_date": "1196071250",
        "bandwidth_utilization_per_week_tb": "99.33",
        "cumulative_bandwidth_utilization_to_date_tb": "7012.93",
        "average_session_duration": " 00:03:45.000",
        "new_subscribers_per_week": "61260",
        "total_subscribers_per_week": "745345",
        "cumulative_subscribers_to_date": "5018786"
    },
    {
        "week": "Week of 9/30/2018",
        "sessions_per_week": "21942452",
        "cumulative_sessions_to_date": "1218013702",
        "bandwidth_utilization_per_week_tb": "106.06",
        "cumulative_bandwidth_utilization_to_date_tb": "7131.49",
        "average_session_duration": " 00:03:44.000",
        "new_subscribers_per_week": "53160",
        "total_subscribers_per_week": "749853",
        "cumulative_subscribers_to_date": "5071946"
    },
    {
        "week": "Week of 10/7/2018",
        "sessions_per_week": "19628951",
        "cumulative_sessions_to_date": "1237642653",
        "bandwidth_utilization_per_week_tb": "93.8",
        "cumulative_bandwidth_utilization_to_date_tb": "7238.02",
        "average_session_duration": " 00:03:45.000",
        "new_subscribers_per_week": "63504",
        "total_subscribers_per_week": "766474",
        "cumulative_subscribers_to_date": "5135450"
    },
    {
        "week": "Week of 10/14/2018",
        "sessions_per_week": "17263228",
        "cumulative_sessions_to_date": "1254905881",
        "bandwidth_utilization_per_week_tb": "89.09",
        "cumulative_bandwidth_utilization_to_date_tb": "7337.83",
        "average_session_duration": " 00:03:49.000",
        "new_subscribers_per_week": "53272",
        "total_subscribers_per_week": "760150",
        "cumulative_subscribers_to_date": "5188722"
    },
    {
        "week": "Week of 10/21/2018",
        "sessions_per_week": "17634529",
        "cumulative_sessions_to_date": "1272540410",
        "bandwidth_utilization_per_week_tb": "87.71",
        "cumulative_bandwidth_utilization_to_date_tb": "7435.53",
        "average_session_duration": " 00:03:51.000",
        "new_subscribers_per_week": "54913",
        "total_subscribers_per_week": "753394",
        "cumulative_subscribers_to_date": "5243635"
    },
    {
        "week": "Week of 10/28/2018",
        "sessions_per_week": "17430927",
        "cumulative_sessions_to_date": "1289971337",
        "bandwidth_utilization_per_week_tb": "88.14",
        "cumulative_bandwidth_utilization_to_date_tb": "7534.18",
        "average_session_duration": " 00:03:53.000",
        "new_subscribers_per_week": "56119",
        "total_subscribers_per_week": "749497",
        "cumulative_subscribers_to_date": "5299754"
    },
    {
        "week": "Week of 11/04/2018",
        "sessions_per_week": "18557252",
        "cumulative_sessions_to_date": "1308528589",
        "bandwidth_utilization_per_week_tb": "90.95",
        "cumulative_bandwidth_utilization_to_date_tb": "7637.08",
        "average_session_duration": " 00:03:53.000",
        "new_subscribers_per_week": "59914",
        "total_subscribers_per_week": "767755",
        "cumulative_subscribers_to_date": "5359668"
    },
    {
        "week": "Week of 11/11/2018",
        "sessions_per_week": "16985731",
        "cumulative_sessions_to_date": "1325514320",
        "bandwidth_utilization_per_week_tb": "90.04",
        "cumulative_bandwidth_utilization_to_date_tb": "7737.23",
        "average_session_duration": " 00:03:59.000",
        "new_subscribers_per_week": "44766",
        "total_subscribers_per_week": "740500",
        "cumulative_subscribers_to_date": "5404434"
    },
    {
        "week": "Week of 11/18/2018",
        "sessions_per_week": "16311932",
        "cumulative_sessions_to_date": "1341826252",
        "bandwidth_utilization_per_week_tb": "88.28",
        "cumulative_bandwidth_utilization_to_date_tb": "7835.31",
        "average_session_duration": " 00:04:06.000",
        "new_subscribers_per_week": "41491",
        "total_subscribers_per_week": "721899",
        "cumulative_subscribers_to_date": "5445925"
    },
    {
        "week": "Week of 11/25/2018",
        "sessions_per_week": "15059795",
        "cumulative_sessions_to_date": "1356886047",
        "bandwidth_utilization_per_week_tb": "82.1",
        "cumulative_bandwidth_utilization_to_date_tb": "7926.68",
        "average_session_duration": " 00:04:14.000",
        "new_subscribers_per_week": "46844",
        "total_subscribers_per_week": "722288",
        "cumulative_subscribers_to_date": "5492769"
    },
    {
        "week": "Week of 12/02/2018",
        "sessions_per_week": "16936938",
        "cumulative_sessions_to_date": "1373822985",
        "bandwidth_utilization_per_week_tb": "85.13",
        "cumulative_bandwidth_utilization_to_date_tb": "8021.49",
        "average_session_duration": " 00:04:04.000",
        "new_subscribers_per_week": "43381",
        "total_subscribers_per_week": "732522",
        "cumulative_subscribers_to_date": "5536150"
    },
    {
        "week": "Week of 12/09/2018",
        "sessions_per_week": "16633378",
        "cumulative_sessions_to_date": "1390456363",
        "bandwidth_utilization_per_week_tb": "87.41",
        "cumulative_bandwidth_utilization_to_date_tb": "8118.74",
        "average_session_duration": " 00:04:21.000",
        "new_subscribers_per_week": "44689",
        "total_subscribers_per_week": "731234",
        "cumulative_subscribers_to_date": "5580839"
    },
    {
        "week": "Week of 12/16/2018",
        "sessions_per_week": "15967852",
        "cumulative_sessions_to_date": "1406424215",
        "bandwidth_utilization_per_week_tb": "90.63",
        "cumulative_bandwidth_utilization_to_date_tb": "8321.67",
        "average_session_duration": " 00:04:26.000",
        "new_subscribers_per_week": "39439",
        "total_subscribers_per_week": "715725",
        "cumulative_subscribers_to_date": "5620278"
    },
    {
        "week": "Week of 12/23/2018",
        "sessions_per_week": "15733444",
        "cumulative_sessions_to_date": "1422157659",
        "bandwidth_utilization_per_week_tb": "91.71",
        "cumulative_bandwidth_utilization_to_date_tb": "8219.48",
        "average_session_duration": " 00:04:24.000",
        "new_subscribers_per_week": "49909",
        "total_subscribers_per_week": "723093",
        "cumulative_subscribers_to_date": "5670187"
    },
    {
        "week": "Week of 12/30/2018",
        "sessions_per_week": "13828395",
        "cumulative_sessions_to_date": "1435986054",
        "bandwidth_utilization_per_week_tb": "79.86",
        "cumulative_bandwidth_utilization_to_date_tb": "8411.47",
        "average_session_duration": " 00:04:32.000",
        "new_subscribers_per_week": "73215",
        "total_subscribers_per_week": "707327",
        "cumulative_subscribers_to_date": "5743402"
    },
    {
        "week": "Week of 1/6/2019",
        "sessions_per_week": "14928934",
        "cumulative_sessions_to_date": "1450914988",
        "bandwidth_utilization_per_week_tb": "82.48",
        "cumulative_bandwidth_utilization_to_date_tb": "8503.88",
        "average_session_duration": " 00:04:26.000",
        "new_subscribers_per_week": "53575",
        "total_subscribers_per_week": "717306",
        "cumulative_subscribers_to_date": "5796977"
    },
    {
        "week": "Week of 1/13/2019",
        "sessions_per_week": "14790373",
        "cumulative_sessions_to_date": "1465705361",
        "bandwidth_utilization_per_week_tb": "84.68",
        "cumulative_bandwidth_utilization_to_date_tb": "8596.88",
        "average_session_duration": " 00:04:26.000",
        "new_subscribers_per_week": "34691",
        "total_subscribers_per_week": "670602",
        "cumulative_subscribers_to_date": "5831668"
    },
    {
        "week": "Week of 1/20/2019",
        "sessions_per_week": "14793411",
        "cumulative_sessions_to_date": "1480498772",
        "bandwidth_utilization_per_week_tb": "90.29",
        "cumulative_bandwidth_utilization_to_date_tb": "8695.4",
        "average_session_duration": " 00:04:26.000",
        "new_subscribers_per_week": "30095",
        "total_subscribers_per_week": "661053",
        "cumulative_subscribers_to_date": "5861763"
    },
    {
        "week": "Week of 1/27/2019",
        "sessions_per_week": "14149556",
        "cumulative_sessions_to_date": "1494648328",
        "bandwidth_utilization_per_week_tb": "92.98",
        "cumulative_bandwidth_utilization_to_date_tb": "8796.79",
        "average_session_duration": " 00:04:32.000",
        "new_subscribers_per_week": "30057",
        "total_subscribers_per_week": "660114",
        "cumulative_subscribers_to_date": "5891820"
    },
    {
        "week": "Week of 2/3/2019",
        "sessions_per_week": "14187465",
        "cumulative_sessions_to_date": "1508835793",
        "bandwidth_utilization_per_week_tb": "91.11",
        "cumulative_bandwidth_utilization_to_date_tb": "8896.08",
        "average_session_duration": " 00:04:46.000",
        "new_subscribers_per_week": "32500",
        "total_subscribers_per_week": "669984",
        "cumulative_subscribers_to_date": "5924320"
    },
    {
        "week": "Week of 2/10/2019",
        "sessions_per_week": "15040458",
        "cumulative_sessions_to_date": "1523876251",
        "bandwidth_utilization_per_week_tb": "93.97",
        "cumulative_bandwidth_utilization_to_date_tb": "8999.15",
        "average_session_duration": " 00:04:42.000",
        "new_subscribers_per_week": "32680",
        "total_subscribers_per_week": "686697",
        "cumulative_subscribers_to_date": "5957000"
    },
    {
        "week": "Week of 2/17/2019",
        "sessions_per_week": "14805292",
        "cumulative_sessions_to_date": "1538681543",
        "bandwidth_utilization_per_week_tb": "94.76",
        "cumulative_bandwidth_utilization_to_date_tb": "9102.95",
        "average_session_duration": " 00:04:44.000",
        "new_subscribers_per_week": "31548",
        "total_subscribers_per_week": "682865",
        "cumulative_subscribers_to_date": "5988548"
    },
    {
        "week": "Week of 2/24/2019",
        "sessions_per_week": "14063474",
        "cumulative_sessions_to_date": "1552745017",
        "bandwidth_utilization_per_week_tb": "96.63",
        "cumulative_bandwidth_utilization_to_date_tb": "9208.55",
        "average_session_duration": " 00:04:51.000",
        "new_subscribers_per_week": "30841",
        "total_subscribers_per_week": "674347",
        "cumulative_subscribers_to_date": "6019389"
    },
    {
        "week": "Week of 3/3/2019",
        "sessions_per_week": "14676748",
        "cumulative_sessions_to_date": "1567421765",
        "bandwidth_utilization_per_week_tb": "91.56",
        "cumulative_bandwidth_utilization_to_date_tb": "9308.53",
        "average_session_duration": " 00:04:44.000",
        "new_subscribers_per_week": "31918",
        "total_subscribers_per_week": "678798",
        "cumulative_subscribers_to_date": "6051307"
    },
    {
        "week": "Week of 3/10/2019",
        "sessions_per_week": "14562308",
        "cumulative_sessions_to_date": "1581984073",
        "bandwidth_utilization_per_week_tb": "93.52",
        "cumulative_bandwidth_utilization_to_date_tb": "9411.07",
        "average_session_duration": " 00:04:45.000",
        "new_subscribers_per_week": "33186",
        "total_subscribers_per_week": "682826",
        "cumulative_subscribers_to_date": "6084493"
    },
    {
        "week": "Week of 3/17/2019",
        "sessions_per_week": "15517156",
        "cumulative_sessions_to_date": "1597501229",
        "bandwidth_utilization_per_week_tb": "90.82",
        "cumulative_bandwidth_utilization_to_date_tb": "9511.59",
        "average_session_duration": " 00:04:40.000",
        "new_subscribers_per_week": "34814",
        "total_subscribers_per_week": "699981",
        "cumulative_subscribers_to_date": "6119307"
    },
    {
        "week": "Week of 3/24/2019",
        "sessions_per_week": "14934119",
        "cumulative_sessions_to_date": "1612435348",
        "bandwidth_utilization_per_week_tb": "89.87",
        "cumulative_bandwidth_utilization_to_date_tb": "9611.16",
        "average_session_duration": " 00:04:43.000",
        "new_subscribers_per_week": "33573",
        "total_subscribers_per_week": "681597",
        "cumulative_subscribers_to_date": "6153435"
    },
    {
        "week": "Week of 3/31/2019",
        "sessions_per_week": "15360340",
        "cumulative_sessions_to_date": "1627795688",
        "bandwidth_utilization_per_week_tb": "92.42",
        "cumulative_bandwidth_utilization_to_date_tb": "9713.4",
        "average_session_duration": " 00:04:43.000",
        "new_subscribers_per_week": "40521",
        "total_subscribers_per_week": "688873",
        "cumulative_subscribers_to_date": "6193956"
    },
    {
        "week": "Week of 4/7/2019",
        "sessions_per_week": "15516781",
        "cumulative_sessions_to_date": "1643312469",
        "bandwidth_utilization_per_week_tb": "100.04",
        "cumulative_bandwidth_utilization_to_date_tb": "9823.49",
        "average_session_duration": " 00:04:40.000",
        "new_subscribers_per_week": "48631",
        "total_subscribers_per_week": "695309",
        "cumulative_subscribers_to_date": "6242587"
    },
    {
        "week": "Week of 4/14/2019",
        "sessions_per_week": "16013195",
        "cumulative_sessions_to_date": "1659325664",
        "bandwidth_utilization_per_week_tb": "99.31",
        "cumulative_bandwidth_utilization_to_date_tb": "9933.49",
        "average_session_duration": " 00:04:37.000",
        "new_subscribers_per_week": "57615",
        "total_subscribers_per_week": "708732",
        "cumulative_subscribers_to_date": "6300202"
    },
    {
        "week": "Week of 4/21/2019",
        "sessions_per_week": "16073830",
        "cumulative_sessions_to_date": "1675399494",
        "bandwidth_utilization_per_week_tb": "98.6",
        "cumulative_bandwidth_utilization_to_date_tb": "10042.77",
        "average_session_duration": " 00:04:37.000",
        "new_subscribers_per_week": "70595",
        "total_subscribers_per_week": "728455",
        "cumulative_subscribers_to_date": "6370797"
    },
    {
        "week": "Week of 4/28/2019",
        "sessions_per_week": "15553767",
        "cumulative_sessions_to_date": "1690953261",
        "bandwidth_utilization_per_week_tb": "96.87",
        "cumulative_bandwidth_utilization_to_date_tb": "10150.07",
        "average_session_duration": " 00:04:40.000",
        "new_subscribers_per_week": "60888",
        "total_subscribers_per_week": "710626",
        "cumulative_subscribers_to_date": "6431685"
    },
    {
        "week": "Week of 5/5/2019",
        "sessions_per_week": "15981910",
        "cumulative_sessions_to_date": "1706935171",
        "bandwidth_utilization_per_week_tb": "94.89",
        "cumulative_bandwidth_utilization_to_date_tb": "10255.4",
        "average_session_duration": " 00:04:37.000",
        "new_subscribers_per_week": "55140",
        "total_subscribers_per_week": "709189",
        "cumulative_subscribers_to_date": "6486825"
    },
    {
        "week": "Week of 5/12/2019",
        "sessions_per_week": "15835379",
        "cumulative_sessions_to_date": "1722770550",
        "bandwidth_utilization_per_week_tb": "92.25",
        "cumulative_bandwidth_utilization_to_date_tb": "10357.67",
        "average_session_duration": " 00:04:35.000",
        "new_subscribers_per_week": "50917",
        "total_subscribers_per_week": "701614",
        "cumulative_subscribers_to_date": "6537742"
    },
    {
        "week": "Week of 5/19/2019",
        "sessions_per_week": "15870723",
        "cumulative_sessions_to_date": "1738641273",
        "bandwidth_utilization_per_week_tb": "92.36",
        "cumulative_bandwidth_utilization_to_date_tb": "10460.38",
        "average_session_duration": " 00:04:35.000",
        "new_subscribers_per_week": "53098",
        "total_subscribers_per_week": "708188",
        "cumulative_subscribers_to_date": "6590840"
    },
    {
        "week": "Week of 5/26/2019",
        "sessions_per_week": "16065471",
        "cumulative_sessions_to_date": "1754706744",
        "bandwidth_utilization_per_week_tb": "97.64",
        "cumulative_bandwidth_utilization_to_date_tb": "10568.43",
        "average_session_duration": " 00:04:37.000",
        "new_subscribers_per_week": "54617",
        "total_subscribers_per_week": "713310",
        "cumulative_subscribers_to_date": "6645457"
    },
    {
        "week": "Week of 6/2/2019",
        "sessions_per_week": "15539371",
        "cumulative_sessions_to_date": "1770246115",
        "bandwidth_utilization_per_week_tb": "97.41",
        "cumulative_bandwidth_utilization_to_date_tb": "10675.87",
        "average_session_duration": " 00:04:37.000",
        "new_subscribers_per_week": "53189",
        "total_subscribers_per_week": "704552",
        "cumulative_subscribers_to_date": "6698646"
    },
    {
        "week": "Week of 6/9/2019",
        "sessions_per_week": "16374408",
        "cumulative_sessions_to_date": "1786620523",
        "bandwidth_utilization_per_week_tb": "105.62",
        "cumulative_bandwidth_utilization_to_date_tb": "10792.16",
        "average_session_duration": " 00:04:37.000",
        "new_subscribers_per_week": "55747",
        "total_subscribers_per_week": "712817",
        "cumulative_subscribers_to_date": "6754393"
    },
    {
        "week": "Week of 6/16/2019",
        "sessions_per_week": "15888083",
        "cumulative_sessions_to_date": "1802508606",
        "bandwidth_utilization_per_week_tb": "103.03",
        "cumulative_bandwidth_utilization_to_date_tb": "10905.81",
        "average_session_duration": " 00:04:36.000",
        "new_subscribers_per_week": "52785",
        "total_subscribers_per_week": "702866",
        "cumulative_subscribers_to_date": "6807178"
    },
    {
        "week": "Week of 6/23/2019",
        "sessions_per_week": "15889606",
        "cumulative_sessions_to_date": "1818408212",
        "bandwidth_utilization_per_week_tb": "99.78",
        "cumulative_bandwidth_utilization_to_date_tb": "11016.08",
        "average_session_duration": " 00:04:34.000",
        "new_subscribers_per_week": "55959",
        "total_subscribers_per_week": "708739",
        "cumulative_subscribers_to_date": "6863137"
    },
    {
        "week": "Week of 6/30/2019",
        "sessions_per_week": "16394290",
        "cumulative_sessions_to_date": "1834802502",
        "bandwidth_utilization_per_week_tb": "101.02",
        "cumulative_bandwidth_utilization_to_date_tb": "11128.41",
        "average_session_duration": " 00:04:32.000",
        "new_subscribers_per_week": "61936",
        "total_subscribers_per_week": "722494",
        "cumulative_subscribers_to_date": "6925073"
    },
    {
        "week": "Week of 7/1/2019",
        "sessions_per_week": "14760516",
        "cumulative_sessions_to_date": "1849563018",
        "bandwidth_utilization_per_week_tb": "97.05",
        "cumulative_bandwidth_utilization_to_date_tb": "11235.65",
        "average_session_duration": " 00:04:35.000",
        "new_subscribers_per_week": "60219",
        "total_subscribers_per_week": "693385",
        "cumulative_subscribers_to_date": "6985292"
    },
    {
        "week": "Week of 7/8/2019",
        "sessions_per_week": "15823184",
        "cumulative_sessions_to_date": "1865386202",
        "bandwidth_utilization_per_week_tb": "100.23",
        "cumulative_bandwidth_utilization_to_date_tb": "11346.35",
        "average_session_duration": " 00:04:31.000",
        "new_subscribers_per_week": "59666",
        "total_subscribers_per_week": "704692",
        "cumulative_subscribers_to_date": "7044958"
    },
    {
        "week": "Week of 7/15/2019",
        "sessions_per_week": "15276055",
        "cumulative_sessions_to_date": "1880662257",
        "bandwidth_utilization_per_week_tb": "98.3",
        "cumulative_bandwidth_utilization_to_date_tb": "11454.61",
        "average_session_duration": " 00:04:29.000",
        "new_subscribers_per_week": "58118",
        "total_subscribers_per_week": "699997",
        "cumulative_subscribers_to_date": "7103076"
    },
    {
        "week": "Week of 7/22/2019",
        "sessions_per_week": "15628973",
        "cumulative_sessions_to_date": "1896291230",
        "bandwidth_utilization_per_week_tb": "100.93",
        "cumulative_bandwidth_utilization_to_date_tb": "11565.8",
        "average_session_duration": " 00:04:17.000",
        "new_subscribers_per_week": "62722",
        "total_subscribers_per_week": "710454",
        "cumulative_subscribers_to_date": "7165798"
    },
    {
        "week": "Week of 7/29/2019",
        "sessions_per_week": "15616564",
        "cumulative_sessions_to_date": "1911907794",
        "bandwidth_utilization_per_week_tb": "104.32",
        "cumulative_bandwidth_utilization_to_date_tb": "11680.8",
        "average_session_duration": " 00:04:22.000",
        "new_subscribers_per_week": "62998",
        "total_subscribers_per_week": "715734",
        "cumulative_subscribers_to_date": "7228796"
    },
    {
        "week": "Week of 8/5/2019",
        "sessions_per_week": "15501186",
        "cumulative_sessions_to_date": "1927408980",
        "bandwidth_utilization_per_week_tb": "107.72",
        "cumulative_bandwidth_utilization_to_date_tb": "11799.39",
        "average_session_duration": " 00:04:00.000",
        "new_subscribers_per_week": "64415",
        "total_subscribers_per_week": "718751",
        "cumulative_subscribers_to_date": "7293211"
    },
    {
        "week": "Week of 8/12/2019",
        "sessions_per_week": "15333296",
        "cumulative_sessions_to_date": "1942742276",
        "bandwidth_utilization_per_week_tb": "108.23",
        "cumulative_bandwidth_utilization_to_date_tb": "11917.94",
        "average_session_duration": " 00:04:02.000",
        "new_subscribers_per_week": "64354",
        "total_subscribers_per_week": "715764",
        "cumulative_subscribers_to_date": "7357565"
    },
    {
        "week": "Week of 8/19/2019",
        "sessions_per_week": "15142253",
        "cumulative_sessions_to_date": "1957884529",
        "bandwidth_utilization_per_week_tb": "104.95",
        "cumulative_bandwidth_utilization_to_date_tb": "12033.31",
        "average_session_duration": " 00:04:04.000",
        "new_subscribers_per_week": "63401",
        "total_subscribers_per_week": "712416",
        "cumulative_subscribers_to_date": "7420966"
    },
    {
        "week": "Week of 8/26/2019",
        "sessions_per_week": "15551152",
        "cumulative_sessions_to_date": "1973435681",
        "bandwidth_utilization_per_week_tb": "109.19",
        "cumulative_bandwidth_utilization_to_date_tb": "12153.35",
        "average_session_duration": " 00:04:43.000",
        "new_subscribers_per_week": "63972",
        "total_subscribers_per_week": "722078",
        "cumulative_subscribers_to_date": "7484938"
    },
    {
        "week": "Week of 9/2/2019",
        "sessions_per_week": "15726856",
        "cumulative_sessions_to_date": "1989162537",
        "bandwidth_utilization_per_week_tb": "110.91",
        "cumulative_bandwidth_utilization_to_date_tb": "12275.09",
        "average_session_duration": " 00:04:45.000",
        "new_subscribers_per_week": "61422",
        "total_subscribers_per_week": "726355",
        "cumulative_subscribers_to_date": "7546360"
    },
    {
        "week": "Week of 9/9/2019",
        "sessions_per_week": "16559639",
        "cumulative_sessions_to_date": "2005722176",
        "bandwidth_utilization_per_week_tb": "110.78",
        "cumulative_bandwidth_utilization_to_date_tb": "12396.93",
        "average_session_duration": " 00:04:39.000",
        "new_subscribers_per_week": "60050",
        "total_subscribers_per_week": "728545",
        "cumulative_subscribers_to_date": "7606410"
    },
    {
        "week": "Week of 9/16/2019",
        "sessions_per_week": "16794749",
        "cumulative_sessions_to_date": "2022516925",
        "bandwidth_utilization_per_week_tb": "116.43",
        "cumulative_bandwidth_utilization_to_date_tb": "12524.61",
        "average_session_duration": " 00:04:41.000",
        "new_subscribers_per_week": "62759",
        "total_subscribers_per_week": "740436",
        "cumulative_subscribers_to_date": "7669169"
    },
    {
        "week": "Week of 9/23/2019",
        "sessions_per_week": "16903710",
        "cumulative_sessions_to_date": "2039420635",
        "bandwidth_utilization_per_week_tb": "117.02",
        "cumulative_bandwidth_utilization_to_date_tb": "12652.9",
        "average_session_duration": " 00:04:42.000",
        "new_subscribers_per_week": "62547",
        "total_subscribers_per_week": "744243",
        "cumulative_subscribers_to_date": "7731716"
    },
    {
        "week": "Week of 9/30/2019",
        "sessions_per_week": "16000391",
        "cumulative_sessions_to_date": "2055421026",
        "bandwidth_utilization_per_week_tb": "125.4",
        "cumulative_bandwidth_utilization_to_date_tb": "12789.04",
        "average_session_duration": " 00:04:44.000",
        "new_subscribers_per_week": "58194",
        "total_subscribers_per_week": "728920",
        "cumulative_subscribers_to_date": "7789910"
    },
    {
        "week": "Week of 10/7/2019",
        "sessions_per_week": "16245901",
        "cumulative_sessions_to_date": "2071666927",
        "bandwidth_utilization_per_week_tb": "133.24",
        "cumulative_bandwidth_utilization_to_date_tb": "12933.77",
        "average_session_duration": " 00:04:45.000",
        "new_subscribers_per_week": "63139",
        "total_subscribers_per_week": "733470",
        "cumulative_subscribers_to_date": "7853049"
    },
    {
        "week": "Week of 10/14/2019",
        "sessions_per_week": "15921433",
        "cumulative_sessions_to_date": "2087588360",
        "bandwidth_utilization_per_week_tb": "120.4",
        "cumulative_bandwidth_utilization_to_date_tb": "13065.31",
        "average_session_duration": " 00:04:46.000",
        "new_subscribers_per_week": "58773",
        "total_subscribers_per_week": "730867",
        "cumulative_subscribers_to_date": "7911822"
    },
    {
        "week": "Week of 10/21/2019",
        "sessions_per_week": "16503599",
        "cumulative_sessions_to_date": "2104091959",
        "bandwidth_utilization_per_week_tb": "114.92",
        "cumulative_bandwidth_utilization_to_date_tb": "13191.49",
        "average_session_duration": " 00:04:43.000",
        "new_subscribers_per_week": "59796",
        "total_subscribers_per_week": "728911",
        "cumulative_subscribers_to_date": "7971618"
    },
    {
        "week": "Week of 10/28/2019",
        "sessions_per_week": "16915135",
        "cumulative_sessions_to_date": "2121007094",
        "bandwidth_utilization_per_week_tb": "108.75",
        "cumulative_bandwidth_utilization_to_date_tb": "13312.1",
        "average_session_duration": " 00:04:39.000",
        "new_subscribers_per_week": "62944",
        "total_subscribers_per_week": "743299",
        "cumulative_subscribers_to_date": "8034562"
    },
    {
        "week": "Week of 11/4/2019",
        "sessions_per_week": "16028007",
        "cumulative_sessions_to_date": "2137035101",
        "bandwidth_utilization_per_week_tb": "108.58",
        "cumulative_bandwidth_utilization_to_date_tb": "13431.14",
        "average_session_duration": " 00:04:48.000",
        "new_subscribers_per_week": "41054",
        "total_subscribers_per_week": "734459",
        "cumulative_subscribers_to_date": "8075616"
    },
    {
        "week": "Week of 11/11/2019",
        "sessions_per_week": "15261762",
        "cumulative_sessions_to_date": "2152296863",
        "bandwidth_utilization_per_week_tb": "106.14",
        "cumulative_bandwidth_utilization_to_date_tb": "13547.98",
        "average_session_duration": " 00:04:56.000",
        "new_subscribers_per_week": "40121",
        "total_subscribers_per_week": "711141",
        "cumulative_subscribers_to_date": "8115737"
    },
    {
        "week": "Week of 11/18/2019",
        "sessions_per_week": "15316124",
        "cumulative_sessions_to_date": "2167612987",
        "bandwidth_utilization_per_week_tb": "106.98",
        "cumulative_bandwidth_utilization_to_date_tb": "13664.7",
        "average_session_duration": " 00:04:53.000",
        "new_subscribers_per_week": "38888",
        "total_subscribers_per_week": "705923",
        "cumulative_subscribers_to_date": "8154625"
    },
    {
        "week": "Week of 11/24/2019",
        "sessions_per_week": "14015392",
        "cumulative_sessions_to_date": "2181628379",
        "bandwidth_utilization_per_week_tb": "100.64",
        "cumulative_bandwidth_utilization_to_date_tb": "13775.46",
        "average_session_duration": " 00:05:00.000",
        "new_subscribers_per_week": "45104",
        "total_subscribers_per_week": "704569",
        "cumulative_subscribers_to_date": "8199729"
    },
    {
        "week": "Week of 12/2/2019",
        "sessions_per_week": "14892304",
        "cumulative_sessions_to_date": "2196520683",
        "bandwidth_utilization_per_week_tb": "103.43",
        "cumulative_bandwidth_utilization_to_date_tb": "13888.96",
        "average_session_duration": " 00:04:57.000",
        "new_subscribers_per_week": "38120",
        "total_subscribers_per_week": "701568",
        "cumulative_subscribers_to_date": "8237849"
    },
    {
        "week": "Week of 12/9/2019",
        "sessions_per_week": "14339704",
        "cumulative_sessions_to_date": "2210860387",
        "bandwidth_utilization_per_week_tb": "108.07",
        "cumulative_bandwidth_utilization_to_date_tb": "14006.77",
        "average_session_duration": " 00:04:39.000",
        "new_subscribers_per_week": "36784",
        "total_subscribers_per_week": "683341",
        "cumulative_subscribers_to_date": "8274633"
    },
    {
        "week": "Week of 12/16/2019",
        "sessions_per_week": "14090776",
        "cumulative_sessions_to_date": "2224951163",
        "bandwidth_utilization_per_week_tb": "110.31",
        "cumulative_bandwidth_utilization_to_date_tb": "14126.62",
        "average_session_duration": " 00:05:03.000",
        "new_subscribers_per_week": "44967",
        "total_subscribers_per_week": "681315",
        "cumulative_subscribers_to_date": "8319600"
    },
    {
        "week": "Week of 12/23/2019",
        "sessions_per_week": "12960131",
        "cumulative_sessions_to_date": "2237911294",
        "bandwidth_utilization_per_week_tb": "102.85",
        "cumulative_bandwidth_utilization_to_date_tb": "14240.25",
        "average_session_duration": " 00:05:14.000",
        "new_subscribers_per_week": "76666",
        "total_subscribers_per_week": "673375",
        "cumulative_subscribers_to_date": "8396266"
    },
    {
        "week": "Week of 12/30/2019",
        "sessions_per_week": "13303758",
        "cumulative_sessions_to_date": "2251215052",
        "bandwidth_utilization_per_week_tb": "102.88",
        "cumulative_bandwidth_utilization_to_date_tb": "14353.83",
        "average_session_duration": " 00:05:14.000",
        "new_subscribers_per_week": "65573",
        "total_subscribers_per_week": "676634",
        "cumulative_subscribers_to_date": "8461839"
    }
]