[
    {
        "created_year": "2023",
        "created_month": "10",
        "additional_details": "Double Parked",
        "total": "2"
    },
    {
        "created_year": "2023",
        "created_month": "10",
        "additional_details": "Not Provided",
        "total": "1"
    },
    {
        "created_year": "2023",
        "created_month": "10",
        "additional_details": "Parked At Bus Stop",
        "total": "16"
    },
    {
        "created_year": "2023",
        "created_month": "10",
        "additional_details": "Parked In Bike Lane",
        "total": "1"
    },
    {
        "created_year": "2023",
        "created_month": "10",
        "additional_details": "Parked In Bus Lane",
        "total": "1"
    },
    {
        "created_year": "2023",
        "created_month": "10",
        "additional_details": "Parked In Crosswalk",
        "total": "2"
    },
    {
        "created_year": "2023",
        "created_month": "10",
        "additional_details": "Parked In Front Of Fire Hydrant",
        "total": "5"
    },
    {
        "created_year": "2023",
        "created_month": "10",
        "additional_details": "Parked In 'No Standing' Area",
        "total": "4"
    },
    {
        "created_year": "2023",
        "created_month": "10",
        "additional_details": "Parked On Sidewalk",
        "total": "12"
    },
    {
        "created_year": "2023",
        "created_month": "09",
        "additional_details": "Blocking Driveway",
        "total": "36"
    },
    {
        "created_year": "2023",
        "created_month": "09",
        "additional_details": "Double Parked",
        "total": "47"
    },
    {
        "created_year": "2023",
        "created_month": "09",
        "additional_details": "Not Provided",
        "total": "129"
    },
    {
        "created_year": "2023",
        "created_month": "09",
        "additional_details": "Parked At Bus Stop",
        "total": "141"
    },
    {
        "created_year": "2023",
        "created_month": "09",
        "additional_details": "Parked In Bike Lane",
        "total": "17"
    },
    {
        "created_year": "2023",
        "created_month": "09",
        "additional_details": "Parked In Bus Lane",
        "total": "13"
    },
    {
        "created_year": "2023",
        "created_month": "09",
        "additional_details": "Parked In Crosswalk",
        "total": "38"
    },
    {
        "created_year": "2023",
        "created_month": "09",
        "additional_details": "Parked In Front Of Fire Hydrant",
        "total": "137"
    },
    {
        "created_year": "2023",
        "created_month": "09",
        "additional_details": "Parked In 'No Standing' Area",
        "total": "156"
    },
    {
        "created_year": "2023",
        "created_month": "09",
        "additional_details": "Parked In 'No Stopping' Area",
        "total": "24"
    },
    {
        "created_year": "2023",
        "created_month": "09",
        "additional_details": "Parked On Sidewalk",
        "total": "218"
    },
    {
        "created_year": "2023",
        "created_month": "08",
        "additional_details": "Blocking Driveway",
        "total": "34"
    },
    {
        "created_year": "2023",
        "created_month": "08",
        "additional_details": "Double Parked",
        "total": "37"
    },
    {
        "created_year": "2023",
        "created_month": "08",
        "additional_details": "Not Provided",
        "total": "128"
    },
    {
        "created_year": "2023",
        "created_month": "08",
        "additional_details": "Parked At Bus Stop",
        "total": "42"
    },
    {
        "created_year": "2023",
        "created_month": "08",
        "additional_details": "Parked In Bike Lane",
        "total": "32"
    },
    {
        "created_year": "2023",
        "created_month": "08",
        "additional_details": "Parked In Bus Lane",
        "total": "8"
    },
    {
        "created_year": "2023",
        "created_month": "08",
        "additional_details": "Parked In Crosswalk",
        "total": "23"
    },
    {
        "created_year": "2023",
        "created_month": "08",
        "additional_details": "Parked In Front Of Fire Hydrant",
        "total": "129"
    },
    {
        "created_year": "2023",
        "created_month": "08",
        "additional_details": "Parked In 'No Standing' Area",
        "total": "182"
    },
    {
        "created_year": "2023",
        "created_month": "08",
        "additional_details": "Parked In 'No Stopping' Area",
        "total": "43"
    },
    {
        "created_year": "2023",
        "created_month": "08",
        "additional_details": "Parked On Sidewalk",
        "total": "183"
    },
    {
        "created_year": "2023",
        "created_month": "07",
        "additional_details": "Blocking Driveway",
        "total": "27"
    },
    {
        "created_year": "2023",
        "created_month": "07",
        "additional_details": "Double Parked",
        "total": "39"
    },
    {
        "created_year": "2023",
        "created_month": "07",
        "additional_details": "Not Provided",
        "total": "114"
    },
    {
        "created_year": "2023",
        "created_month": "07",
        "additional_details": "Parked At Bus Stop",
        "total": "22"
    },
    {
        "created_year": "2023",
        "created_month": "07",
        "additional_details": "Parked In Bike Lane",
        "total": "14"
    },
    {
        "created_year": "2023",
        "created_month": "07",
        "additional_details": "Parked In Bus Lane",
        "total": "5"
    },
    {
        "created_year": "2023",
        "created_month": "07",
        "additional_details": "Parked In Crosswalk",
        "total": "35"
    },
    {
        "created_year": "2023",
        "created_month": "07",
        "additional_details": "Parked In Front Of Fire Hydrant",
        "total": "155"
    },
    {
        "created_year": "2023",
        "created_month": "07",
        "additional_details": "Parked In 'No Standing' Area",
        "total": "155"
    },
    {
        "created_year": "2023",
        "created_month": "07",
        "additional_details": "Parked In 'No Stopping' Area",
        "total": "39"
    },
    {
        "created_year": "2023",
        "created_month": "07",
        "additional_details": "Parked On Sidewalk",
        "total": "195"
    },
    {
        "created_year": "2023",
        "created_month": "06",
        "additional_details": "Blocking Driveway",
        "total": "42"
    },
    {
        "created_year": "2023",
        "created_month": "06",
        "additional_details": "Double Parked",
        "total": "38"
    },
    {
        "created_year": "2023",
        "created_month": "06",
        "additional_details": "Not Provided",
        "total": "153"
    },
    {
        "created_year": "2023",
        "created_month": "06",
        "additional_details": "Parked At Bus Stop",
        "total": "33"
    },
    {
        "created_year": "2023",
        "created_month": "06",
        "additional_details": "Parked In Bike Lane",
        "total": "38"
    },
    {
        "created_year": "2023",
        "created_month": "06",
        "additional_details": "Parked In Bus Lane",
        "total": "18"
    },
    {
        "created_year": "2023",
        "created_month": "06",
        "additional_details": "Parked In Crosswalk",
        "total": "45"
    },
    {
        "created_year": "2023",
        "created_month": "06",
        "additional_details": "Parked In Front Of Fire Hydrant",
        "total": "204"
    },
    {
        "created_year": "2023",
        "created_month": "06",
        "additional_details": "Parked In 'No Standing' Area",
        "total": "196"
    },
    {
        "created_year": "2023",
        "created_month": "06",
        "additional_details": "Parked In 'No Stopping' Area",
        "total": "27"
    },
    {
        "created_year": "2023",
        "created_month": "06",
        "additional_details": "Parked On Sidewalk",
        "total": "175"
    },
    {
        "created_year": "2023",
        "created_month": "05",
        "additional_details": "Blocking Driveway",
        "total": "40"
    },
    {
        "created_year": "2023",
        "created_month": "05",
        "additional_details": "Double Parked",
        "total": "56"
    },
    {
        "created_year": "2023",
        "created_month": "05",
        "additional_details": "Not Provided",
        "total": "217"
    },
    {
        "created_year": "2023",
        "created_month": "05",
        "additional_details": "Parked At Bus Stop",
        "total": "34"
    },
    {
        "created_year": "2023",
        "created_month": "05",
        "additional_details": "Parked In Bike Lane",
        "total": "26"
    },
    {
        "created_year": "2023",
        "created_month": "05",
        "additional_details": "Parked In Bus Lane",
        "total": "10"
    },
    {
        "created_year": "2023",
        "created_month": "05",
        "additional_details": "Parked In Crosswalk",
        "total": "37"
    },
    {
        "created_year": "2023",
        "created_month": "05",
        "additional_details": "Parked In Front Of Fire Hydrant",
        "total": "147"
    },
    {
        "created_year": "2023",
        "created_month": "05",
        "additional_details": "Parked In 'No Standing' Area",
        "total": "172"
    },
    {
        "created_year": "2023",
        "created_month": "05",
        "additional_details": "Parked In 'No Stopping' Area",
        "total": "20"
    },
    {
        "created_year": "2023",
        "created_month": "05",
        "additional_details": "Parked On Sidewalk",
        "total": "205"
    },
    {
        "created_year": "2023",
        "created_month": "04",
        "additional_details": "Blocking Driveway",
        "total": "43"
    },
    {
        "created_year": "2023",
        "created_month": "04",
        "additional_details": "Double Parked",
        "total": "42"
    },
    {
        "created_year": "2023",
        "created_month": "04",
        "additional_details": "Not Provided",
        "total": "121"
    },
    {
        "created_year": "2023",
        "created_month": "04",
        "additional_details": "Parked At Bus Stop",
        "total": "22"
    },
    {
        "created_year": "2023",
        "created_month": "04",
        "additional_details": "Parked In Bike Lane",
        "total": "37"
    },
    {
        "created_year": "2023",
        "created_month": "04",
        "additional_details": "Parked In Bus Lane",
        "total": "9"
    },
    {
        "created_year": "2023",
        "created_month": "04",
        "additional_details": "Parked In Crosswalk",
        "total": "26"
    },
    {
        "created_year": "2023",
        "created_month": "04",
        "additional_details": "Parked In Front Of Fire Hydrant",
        "total": "145"
    },
    {
        "created_year": "2023",
        "created_month": "04",
        "additional_details": "Parked In 'No Standing' Area",
        "total": "139"
    },
    {
        "created_year": "2023",
        "created_month": "04",
        "additional_details": "Parked In 'No Stopping' Area",
        "total": "27"
    },
    {
        "created_year": "2023",
        "created_month": "04",
        "additional_details": "Parked On Sidewalk",
        "total": "154"
    },
    {
        "created_year": "2023",
        "created_month": "03",
        "additional_details": "Blocking Driveway",
        "total": "29"
    },
    {
        "created_year": "2023",
        "created_month": "03",
        "additional_details": "Double Parked",
        "total": "118"
    },
    {
        "created_year": "2023",
        "created_month": "03",
        "additional_details": "Not Provided",
        "total": "138"
    },
    {
        "created_year": "2023",
        "created_month": "03",
        "additional_details": "Parked At Bus Stop",
        "total": "29"
    },
    {
        "created_year": "2023",
        "created_month": "03",
        "additional_details": "Parked In Bike Lane",
        "total": "107"
    },
    {
        "created_year": "2023",
        "created_month": "03",
        "additional_details": "Parked In Bus Lane",
        "total": "11"
    },
    {
        "created_year": "2023",
        "created_month": "03",
        "additional_details": "Parked In Crosswalk",
        "total": "47"
    },
    {
        "created_year": "2023",
        "created_month": "03",
        "additional_details": "Parked In Front Of Fire Hydrant",
        "total": "155"
    },
    {
        "created_year": "2023",
        "created_month": "03",
        "additional_details": "Parked In 'No Standing' Area",
        "total": "183"
    },
    {
        "created_year": "2023",
        "created_month": "03",
        "additional_details": "Parked In 'No Stopping' Area",
        "total": "54"
    },
    {
        "created_year": "2023",
        "created_month": "03",
        "additional_details": "Parked On Sidewalk",
        "total": "224"
    },
    {
        "created_year": "2023",
        "created_month": "02",
        "additional_details": "Blocking Driveway",
        "total": "23"
    },
    {
        "created_year": "2023",
        "created_month": "02",
        "additional_details": "Double Parked",
        "total": "40"
    },
    {
        "created_year": "2023",
        "created_month": "02",
        "additional_details": "Not Provided",
        "total": "94"
    },
    {
        "created_year": "2023",
        "created_month": "02",
        "additional_details": "Parked At Bus Stop",
        "total": "35"
    },
    {
        "created_year": "2023",
        "created_month": "02",
        "additional_details": "Parked In Bike Lane",
        "total": "71"
    },
    {
        "created_year": "2023",
        "created_month": "02",
        "additional_details": "Parked In Bus Lane",
        "total": "7"
    },
    {
        "created_year": "2023",
        "created_month": "02",
        "additional_details": "Parked In Crosswalk",
        "total": "30"
    },
    {
        "created_year": "2023",
        "created_month": "02",
        "additional_details": "Parked In Front Of Fire Hydrant",
        "total": "121"
    },
    {
        "created_year": "2023",
        "created_month": "02",
        "additional_details": "Parked In 'No Standing' Area",
        "total": "190"
    },
    {
        "created_year": "2023",
        "created_month": "02",
        "additional_details": "Parked In 'No Stopping' Area",
        "total": "32"
    },
    {
        "created_year": "2023",
        "created_month": "02",
        "additional_details": "Parked On Sidewalk",
        "total": "60"
    },
    {
        "created_year": "2023",
        "created_month": "01",
        "additional_details": "Blocking Driveway",
        "total": "32"
    },
    {
        "created_year": "2023",
        "created_month": "01",
        "additional_details": "Double Parked",
        "total": "48"
    },
    {
        "created_year": "2023",
        "created_month": "01",
        "additional_details": "Not Provided",
        "total": "130"
    },
    {
        "created_year": "2023",
        "created_month": "01",
        "additional_details": "Parked At Bus Stop",
        "total": "32"
    },
    {
        "created_year": "2023",
        "created_month": "01",
        "additional_details": "Parked In Bike Lane",
        "total": "24"
    },
    {
        "created_year": "2023",
        "created_month": "01",
        "additional_details": "Parked In Bus Lane",
        "total": "11"
    },
    {
        "created_year": "2023",
        "created_month": "01",
        "additional_details": "Parked In Crosswalk",
        "total": "39"
    },
    {
        "created_year": "2023",
        "created_month": "01",
        "additional_details": "Parked In Front Of Fire Hydrant",
        "total": "156"
    },
    {
        "created_year": "2023",
        "created_month": "01",
        "additional_details": "Parked In 'No Standing' Area",
        "total": "243"
    },
    {
        "created_year": "2023",
        "created_month": "01",
        "additional_details": "Parked In 'No Stopping' Area",
        "total": "23"
    },
    {
        "created_year": "2023",
        "created_month": "01",
        "additional_details": "Parked On Sidewalk",
        "total": "89"
    },
    {
        "created_year": "2022",
        "created_month": "12",
        "additional_details": "Blocking Driveway",
        "total": "29"
    },
    {
        "created_year": "2022",
        "created_month": "12",
        "additional_details": "Double Parked",
        "total": "38"
    },
    {
        "created_year": "2022",
        "created_month": "12",
        "additional_details": "Not Provided",
        "total": "73"
    },
    {
        "created_year": "2022",
        "created_month": "12",
        "additional_details": "Parked At Bus Stop",
        "total": "137"
    },
    {
        "created_year": "2022",
        "created_month": "12",
        "additional_details": "Parked In Bike Lane",
        "total": "12"
    },
    {
        "created_year": "2022",
        "created_month": "12",
        "additional_details": "Parked In Bus Lane",
        "total": "5"
    },
    {
        "created_year": "2022",
        "created_month": "12",
        "additional_details": "Parked In Crosswalk",
        "total": "25"
    },
    {
        "created_year": "2022",
        "created_month": "12",
        "additional_details": "Parked In Front Of Fire Hydrant",
        "total": "123"
    },
    {
        "created_year": "2022",
        "created_month": "12",
        "additional_details": "Parked In 'No Standing' Area",
        "total": "176"
    },
    {
        "created_year": "2022",
        "created_month": "12",
        "additional_details": "Parked In 'No Stopping' Area",
        "total": "18"
    },
    {
        "created_year": "2022",
        "created_month": "12",
        "additional_details": "Parked On Sidewalk",
        "total": "105"
    },
    {
        "created_year": "2022",
        "created_month": "11",
        "additional_details": "Blocking Driveway",
        "total": "28"
    },
    {
        "created_year": "2022",
        "created_month": "11",
        "additional_details": "Double Parked",
        "total": "46"
    },
    {
        "created_year": "2022",
        "created_month": "11",
        "additional_details": "Not Provided",
        "total": "118"
    },
    {
        "created_year": "2022",
        "created_month": "11",
        "additional_details": "Parked At Bus Stop",
        "total": "118"
    },
    {
        "created_year": "2022",
        "created_month": "11",
        "additional_details": "Parked In Bike Lane",
        "total": "19"
    },
    {
        "created_year": "2022",
        "created_month": "11",
        "additional_details": "Parked In Bus Lane",
        "total": "10"
    },
    {
        "created_year": "2022",
        "created_month": "11",
        "additional_details": "Parked In Crosswalk",
        "total": "39"
    },
    {
        "created_year": "2022",
        "created_month": "11",
        "additional_details": "Parked In Front Of Fire Hydrant",
        "total": "170"
    },
    {
        "created_year": "2022",
        "created_month": "11",
        "additional_details": "Parked In 'No Standing' Area",
        "total": "195"
    },
    {
        "created_year": "2022",
        "created_month": "11",
        "additional_details": "Parked In 'No Stopping' Area",
        "total": "21"
    },
    {
        "created_year": "2022",
        "created_month": "11",
        "additional_details": "Parked On Sidewalk",
        "total": "122"
    },
    {
        "created_year": "2022",
        "created_month": "10",
        "additional_details": "Blocking Driveway",
        "total": "43"
    },
    {
        "created_year": "2022",
        "created_month": "10",
        "additional_details": "Double Parked",
        "total": "46"
    },
    {
        "created_year": "2022",
        "created_month": "10",
        "additional_details": "Not Provided",
        "total": "84"
    },
    {
        "created_year": "2022",
        "created_month": "10",
        "additional_details": "Parked At Bus Stop",
        "total": "83"
    },
    {
        "created_year": "2022",
        "created_month": "10",
        "additional_details": "Parked In Bike Lane",
        "total": "18"
    },
    {
        "created_year": "2022",
        "created_month": "10",
        "additional_details": "Parked In Bus Lane",
        "total": "8"
    },
    {
        "created_year": "2022",
        "created_month": "10",
        "additional_details": "Parked In Crosswalk",
        "total": "37"
    },
    {
        "created_year": "2022",
        "created_month": "10",
        "additional_details": "Parked In Front Of Fire Hydrant",
        "total": "195"
    },
    {
        "created_year": "2022",
        "created_month": "10",
        "additional_details": "Parked In 'No Standing' Area",
        "total": "179"
    },
    {
        "created_year": "2022",
        "created_month": "10",
        "additional_details": "Parked In 'No Stopping' Area",
        "total": "24"
    },
    {
        "created_year": "2022",
        "created_month": "10",
        "additional_details": "Parked On Sidewalk",
        "total": "113"
    },
    {
        "created_year": "2022",
        "created_month": "09",
        "additional_details": "Blocking Driveway",
        "total": "40"
    },
    {
        "created_year": "2022",
        "created_month": "09",
        "additional_details": "Double Parked",
        "total": "64"
    },
    {
        "created_year": "2022",
        "created_month": "09",
        "additional_details": "Not Provided",
        "total": "111"
    },
    {
        "created_year": "2022",
        "created_month": "09",
        "additional_details": "Parked At Bus Stop",
        "total": "44"
    },
    {
        "created_year": "2022",
        "created_month": "09",
        "additional_details": "Parked In Bike Lane",
        "total": "15"
    },
    {
        "created_year": "2022",
        "created_month": "09",
        "additional_details": "Parked In Bus Lane",
        "total": "8"
    },
    {
        "created_year": "2022",
        "created_month": "09",
        "additional_details": "Parked In Crosswalk",
        "total": "51"
    },
    {
        "created_year": "2022",
        "created_month": "09",
        "additional_details": "Parked In Front Of Fire Hydrant",
        "total": "149"
    },
    {
        "created_year": "2022",
        "created_month": "09",
        "additional_details": "Parked In 'No Standing' Area",
        "total": "174"
    },
    {
        "created_year": "2022",
        "created_month": "09",
        "additional_details": "Parked In 'No Stopping' Area",
        "total": "50"
    },
    {
        "created_year": "2022",
        "created_month": "09",
        "additional_details": "Parked On Sidewalk",
        "total": "72"
    },
    {
        "created_year": "2022",
        "created_month": "08",
        "additional_details": "Blocking Driveway",
        "total": "32"
    },
    {
        "created_year": "2022",
        "created_month": "08",
        "additional_details": "Double Parked",
        "total": "50"
    },
    {
        "created_year": "2022",
        "created_month": "08",
        "additional_details": "Not Provided",
        "total": "113"
    },
    {
        "created_year": "2022",
        "created_month": "08",
        "additional_details": "Parked At Bus Stop",
        "total": "50"
    },
    {
        "created_year": "2022",
        "created_month": "08",
        "additional_details": "Parked In Bike Lane",
        "total": "12"
    },
    {
        "created_year": "2022",
        "created_month": "08",
        "additional_details": "Parked In Bus Lane",
        "total": "12"
    },
    {
        "created_year": "2022",
        "created_month": "08",
        "additional_details": "Parked In Crosswalk",
        "total": "40"
    },
    {
        "created_year": "2022",
        "created_month": "08",
        "additional_details": "Parked In Front Of Fire Hydrant",
        "total": "127"
    },
    {
        "created_year": "2022",
        "created_month": "08",
        "additional_details": "Parked In 'No Standing' Area",
        "total": "134"
    },
    {
        "created_year": "2022",
        "created_month": "08",
        "additional_details": "Parked In 'No Stopping' Area",
        "total": "43"
    },
    {
        "created_year": "2022",
        "created_month": "08",
        "additional_details": "Parked On Sidewalk",
        "total": "88"
    },
    {
        "created_year": "2022",
        "created_month": "07",
        "additional_details": "Blocking Driveway",
        "total": "30"
    },
    {
        "created_year": "2022",
        "created_month": "07",
        "additional_details": "Double Parked",
        "total": "34"
    },
    {
        "created_year": "2022",
        "created_month": "07",
        "additional_details": "Not Provided",
        "total": "103"
    },
    {
        "created_year": "2022",
        "created_month": "07",
        "additional_details": "Parked At Bus Stop",
        "total": "35"
    },
    {
        "created_year": "2022",
        "created_month": "07",
        "additional_details": "Parked In Bike Lane",
        "total": "21"
    },
    {
        "created_year": "2022",
        "created_month": "07",
        "additional_details": "Parked In Bus Lane",
        "total": "5"
    },
    {
        "created_year": "2022",
        "created_month": "07",
        "additional_details": "Parked In Crosswalk",
        "total": "34"
    },
    {
        "created_year": "2022",
        "created_month": "07",
        "additional_details": "Parked In Front Of Fire Hydrant",
        "total": "144"
    },
    {
        "created_year": "2022",
        "created_month": "07",
        "additional_details": "Parked In 'No Standing' Area",
        "total": "164"
    },
    {
        "created_year": "2022",
        "created_month": "07",
        "additional_details": "Parked In 'No Stopping' Area",
        "total": "42"
    },
    {
        "created_year": "2022",
        "created_month": "07",
        "additional_details": "Parked On Sidewalk",
        "total": "107"
    },
    {
        "created_year": "2022",
        "created_month": "06",
        "additional_details": "Blocking Driveway",
        "total": "47"
    },
    {
        "created_year": "2022",
        "created_month": "06",
        "additional_details": "Double Parked",
        "total": "45"
    },
    {
        "created_year": "2022",
        "created_month": "06",
        "additional_details": "Not Provided",
        "total": "135"
    },
    {
        "created_year": "2022",
        "created_month": "06",
        "additional_details": "Parked At Bus Stop",
        "total": "25"
    },
    {
        "created_year": "2022",
        "created_month": "06",
        "additional_details": "Parked In Bike Lane",
        "total": "20"
    },
    {
        "created_year": "2022",
        "created_month": "06",
        "additional_details": "Parked In Bus Lane",
        "total": "10"
    },
    {
        "created_year": "2022",
        "created_month": "06",
        "additional_details": "Parked In Crosswalk",
        "total": "54"
    },
    {
        "created_year": "2022",
        "created_month": "06",
        "additional_details": "Parked In Front Of Fire Hydrant",
        "total": "150"
    },
    {
        "created_year": "2022",
        "created_month": "06",
        "additional_details": "Parked In 'No Standing' Area",
        "total": "255"
    },
    {
        "created_year": "2022",
        "created_month": "06",
        "additional_details": "Parked In 'No Stopping' Area",
        "total": "41"
    },
    {
        "created_year": "2022",
        "created_month": "06",
        "additional_details": "Parked On Sidewalk",
        "total": "132"
    },
    {
        "created_year": "2022",
        "created_month": "05",
        "additional_details": "Blocking Driveway",
        "total": "45"
    },
    {
        "created_year": "2022",
        "created_month": "05",
        "additional_details": "Double Parked",
        "total": "64"
    },
    {
        "created_year": "2022",
        "created_month": "05",
        "additional_details": "Not Provided",
        "total": "138"
    },
    {
        "created_year": "2022",
        "created_month": "05",
        "additional_details": "Parked At Bus Stop",
        "total": "27"
    },
    {
        "created_year": "2022",
        "created_month": "05",
        "additional_details": "Parked In Bike Lane",
        "total": "21"
    },
    {
        "created_year": "2022",
        "created_month": "05",
        "additional_details": "Parked In Bus Lane",
        "total": "25"
    },
    {
        "created_year": "2022",
        "created_month": "05",
        "additional_details": "Parked In Crosswalk",
        "total": "37"
    },
    {
        "created_year": "2022",
        "created_month": "05",
        "additional_details": "Parked In Front Of Fire Hydrant",
        "total": "178"
    },
    {
        "created_year": "2022",
        "created_month": "05",
        "additional_details": "Parked In 'No Standing' Area",
        "total": "201"
    },
    {
        "created_year": "2022",
        "created_month": "05",
        "additional_details": "Parked In 'No Stopping' Area",
        "total": "44"
    },
    {
        "created_year": "2022",
        "created_month": "05",
        "additional_details": "Parked On Sidewalk",
        "total": "204"
    },
    {
        "created_year": "2022",
        "created_month": "04",
        "additional_details": "Blocking Driveway",
        "total": "56"
    },
    {
        "created_year": "2022",
        "created_month": "04",
        "additional_details": "Double Parked",
        "total": "48"
    },
    {
        "created_year": "2022",
        "created_month": "04",
        "additional_details": "Not Provided",
        "total": "135"
    },
    {
        "created_year": "2022",
        "created_month": "04",
        "additional_details": "Parked At Bus Stop",
        "total": "30"
    },
    {
        "created_year": "2022",
        "created_month": "04",
        "additional_details": "Parked In Bike Lane",
        "total": "29"
    },
    {
        "created_year": "2022",
        "created_month": "04",
        "additional_details": "Parked In Bus Lane",
        "total": "12"
    },
    {
        "created_year": "2022",
        "created_month": "04",
        "additional_details": "Parked In Crosswalk",
        "total": "47"
    },
    {
        "created_year": "2022",
        "created_month": "04",
        "additional_details": "Parked In Front Of Fire Hydrant",
        "total": "161"
    },
    {
        "created_year": "2022",
        "created_month": "04",
        "additional_details": "Parked In 'No Standing' Area",
        "total": "181"
    },
    {
        "created_year": "2022",
        "created_month": "04",
        "additional_details": "Parked In 'No Stopping' Area",
        "total": "24"
    },
    {
        "created_year": "2022",
        "created_month": "04",
        "additional_details": "Parked On Sidewalk",
        "total": "234"
    },
    {
        "created_year": "2022",
        "created_month": "03",
        "additional_details": "Blocking Driveway",
        "total": "44"
    },
    {
        "created_year": "2022",
        "created_month": "03",
        "additional_details": "Double Parked",
        "total": "50"
    },
    {
        "created_year": "2022",
        "created_month": "03",
        "additional_details": "Not Provided",
        "total": "126"
    },
    {
        "created_year": "2022",
        "created_month": "03",
        "additional_details": "Parked At Bus Stop",
        "total": "55"
    },
    {
        "created_year": "2022",
        "created_month": "03",
        "additional_details": "Parked In Bike Lane",
        "total": "13"
    },
    {
        "created_year": "2022",
        "created_month": "03",
        "additional_details": "Parked In Bus Lane",
        "total": "3"
    },
    {
        "created_year": "2022",
        "created_month": "03",
        "additional_details": "Parked In Crosswalk",
        "total": "28"
    },
    {
        "created_year": "2022",
        "created_month": "03",
        "additional_details": "Parked In Front Of Fire Hydrant",
        "total": "162"
    },
    {
        "created_year": "2022",
        "created_month": "03",
        "additional_details": "Parked In 'No Standing' Area",
        "total": "179"
    },
    {
        "created_year": "2022",
        "created_month": "03",
        "additional_details": "Parked In 'No Stopping' Area",
        "total": "30"
    },
    {
        "created_year": "2022",
        "created_month": "03",
        "additional_details": "Parked On Sidewalk",
        "total": "220"
    },
    {
        "created_year": "2022",
        "created_month": "02",
        "additional_details": "Blocking Driveway",
        "total": "32"
    },
    {
        "created_year": "2022",
        "created_month": "02",
        "additional_details": "Double Parked",
        "total": "40"
    },
    {
        "created_year": "2022",
        "created_month": "02",
        "additional_details": "Not Provided",
        "total": "64"
    },
    {
        "created_year": "2022",
        "created_month": "02",
        "additional_details": "Parked At Bus Stop",
        "total": "27"
    },
    {
        "created_year": "2022",
        "created_month": "02",
        "additional_details": "Parked In Bike Lane",
        "total": "4"
    },
    {
        "created_year": "2022",
        "created_month": "02",
        "additional_details": "Parked In Bus Lane",
        "total": "5"
    },
    {
        "created_year": "2022",
        "created_month": "02",
        "additional_details": "Parked In Crosswalk",
        "total": "40"
    },
    {
        "created_year": "2022",
        "created_month": "02",
        "additional_details": "Parked In Front Of Fire Hydrant",
        "total": "119"
    },
    {
        "created_year": "2022",
        "created_month": "02",
        "additional_details": "Parked In 'No Standing' Area",
        "total": "163"
    },
    {
        "created_year": "2022",
        "created_month": "02",
        "additional_details": "Parked In 'No Stopping' Area",
        "total": "18"
    },
    {
        "created_year": "2022",
        "created_month": "02",
        "additional_details": "Parked On Sidewalk",
        "total": "152"
    },
    {
        "created_year": "2022",
        "created_month": "01",
        "additional_details": "Blocking Driveway",
        "total": "23"
    },
    {
        "created_year": "2022",
        "created_month": "01",
        "additional_details": "Double Parked",
        "total": "37"
    },
    {
        "created_year": "2022",
        "created_month": "01",
        "additional_details": "Not Provided",
        "total": "84"
    },
    {
        "created_year": "2022",
        "created_month": "01",
        "additional_details": "Parked At Bus Stop",
        "total": "88"
    },
    {
        "created_year": "2022",
        "created_month": "01",
        "additional_details": "Parked In Bike Lane",
        "total": "11"
    },
    {
        "created_year": "2022",
        "created_month": "01",
        "additional_details": "Parked In Bus Lane",
        "total": "1"
    },
    {
        "created_year": "2022",
        "created_month": "01",
        "additional_details": "Parked In Crosswalk",
        "total": "32"
    },
    {
        "created_year": "2022",
        "created_month": "01",
        "additional_details": "Parked In Front Of Fire Hydrant",
        "total": "166"
    },
    {
        "created_year": "2022",
        "created_month": "01",
        "additional_details": "Parked In 'No Standing' Area",
        "total": "127"
    },
    {
        "created_year": "2022",
        "created_month": "01",
        "additional_details": "Parked In 'No Stopping' Area",
        "total": "19"
    },
    {
        "created_year": "2022",
        "created_month": "01",
        "additional_details": "Parked On Sidewalk",
        "total": "121"
    },
    {
        "created_year": "2021",
        "created_month": "12",
        "additional_details": "Blocking Driveway",
        "total": "42"
    },
    {
        "created_year": "2021",
        "created_month": "12",
        "additional_details": "Double Parked",
        "total": "42"
    },
    {
        "created_year": "2021",
        "created_month": "12",
        "additional_details": "Not Provided",
        "total": "99"
    },
    {
        "created_year": "2021",
        "created_month": "12",
        "additional_details": "Parked At Bus Stop",
        "total": "40"
    },
    {
        "created_year": "2021",
        "created_month": "12",
        "additional_details": "Parked In Bike Lane",
        "total": "16"
    },
    {
        "created_year": "2021",
        "created_month": "12",
        "additional_details": "Parked In Bus Lane",
        "total": "8"
    },
    {
        "created_year": "2021",
        "created_month": "12",
        "additional_details": "Parked In Crosswalk",
        "total": "33"
    },
    {
        "created_year": "2021",
        "created_month": "12",
        "additional_details": "Parked In Front Of Fire Hydrant",
        "total": "161"
    },
    {
        "created_year": "2021",
        "created_month": "12",
        "additional_details": "Parked In 'No Standing' Area",
        "total": "165"
    },
    {
        "created_year": "2021",
        "created_month": "12",
        "additional_details": "Parked In 'No Stopping' Area",
        "total": "18"
    },
    {
        "created_year": "2021",
        "created_month": "12",
        "additional_details": "Parked On Sidewalk",
        "total": "112"
    },
    {
        "created_year": "2021",
        "created_month": "11",
        "additional_details": "Blocking Driveway",
        "total": "42"
    },
    {
        "created_year": "2021",
        "created_month": "11",
        "additional_details": "Double Parked",
        "total": "59"
    },
    {
        "created_year": "2021",
        "created_month": "11",
        "additional_details": "Not Provided",
        "total": "92"
    },
    {
        "created_year": "2021",
        "created_month": "11",
        "additional_details": "Parked At Bus Stop",
        "total": "69"
    },
    {
        "created_year": "2021",
        "created_month": "11",
        "additional_details": "Parked In Bike Lane",
        "total": "11"
    },
    {
        "created_year": "2021",
        "created_month": "11",
        "additional_details": "Parked In Bus Lane",
        "total": "9"
    },
    {
        "created_year": "2021",
        "created_month": "11",
        "additional_details": "Parked In Crosswalk",
        "total": "40"
    },
    {
        "created_year": "2021",
        "created_month": "11",
        "additional_details": "Parked In Front Of Fire Hydrant",
        "total": "149"
    },
    {
        "created_year": "2021",
        "created_month": "11",
        "additional_details": "Parked In 'No Standing' Area",
        "total": "211"
    },
    {
        "created_year": "2021",
        "created_month": "11",
        "additional_details": "Parked In 'No Stopping' Area",
        "total": "21"
    },
    {
        "created_year": "2021",
        "created_month": "11",
        "additional_details": "Parked On Sidewalk",
        "total": "129"
    },
    {
        "created_year": "2021",
        "created_month": "10",
        "additional_details": "Blocking Driveway",
        "total": "48"
    },
    {
        "created_year": "2021",
        "created_month": "10",
        "additional_details": "Double Parked",
        "total": "63"
    },
    {
        "created_year": "2021",
        "created_month": "10",
        "additional_details": "Not Provided",
        "total": "129"
    },
    {
        "created_year": "2021",
        "created_month": "10",
        "additional_details": "Parked At Bus Stop",
        "total": "36"
    },
    {
        "created_year": "2021",
        "created_month": "10",
        "additional_details": "Parked In Bike Lane",
        "total": "33"
    },
    {
        "created_year": "2021",
        "created_month": "10",
        "additional_details": "Parked In Bus Lane",
        "total": "20"
    },
    {
        "created_year": "2021",
        "created_month": "10",
        "additional_details": "Parked In Crosswalk",
        "total": "67"
    },
    {
        "created_year": "2021",
        "created_month": "10",
        "additional_details": "Parked In Front Of Fire Hydrant",
        "total": "160"
    },
    {
        "created_year": "2021",
        "created_month": "10",
        "additional_details": "Parked In 'No Standing' Area",
        "total": "185"
    },
    {
        "created_year": "2021",
        "created_month": "10",
        "additional_details": "Parked In 'No Stopping' Area",
        "total": "36"
    },
    {
        "created_year": "2021",
        "created_month": "10",
        "additional_details": "Parked On Sidewalk",
        "total": "137"
    },
    {
        "created_year": "2021",
        "created_month": "09",
        "additional_details": "Blocking Driveway",
        "total": "78"
    },
    {
        "created_year": "2021",
        "created_month": "09",
        "additional_details": "Double Parked",
        "total": "85"
    },
    {
        "created_year": "2021",
        "created_month": "09",
        "additional_details": "Not Provided",
        "total": "154"
    },
    {
        "created_year": "2021",
        "created_month": "09",
        "additional_details": "Parked At Bus Stop",
        "total": "39"
    },
    {
        "created_year": "2021",
        "created_month": "09",
        "additional_details": "Parked In Bike Lane",
        "total": "17"
    },
    {
        "created_year": "2021",
        "created_month": "09",
        "additional_details": "Parked In Bus Lane",
        "total": "6"
    },
    {
        "created_year": "2021",
        "created_month": "09",
        "additional_details": "Parked In Crosswalk",
        "total": "39"
    },
    {
        "created_year": "2021",
        "created_month": "09",
        "additional_details": "Parked In Front Of Fire Hydrant",
        "total": "178"
    },
    {
        "created_year": "2021",
        "created_month": "09",
        "additional_details": "Parked In 'No Standing' Area",
        "total": "144"
    },
    {
        "created_year": "2021",
        "created_month": "09",
        "additional_details": "Parked In 'No Stopping' Area",
        "total": "34"
    },
    {
        "created_year": "2021",
        "created_month": "09",
        "additional_details": "Parked On Sidewalk",
        "total": "155"
    },
    {
        "created_year": "2021",
        "created_month": "08",
        "additional_details": "Blocking Driveway",
        "total": "61"
    },
    {
        "created_year": "2021",
        "created_month": "08",
        "additional_details": "Double Parked",
        "total": "64"
    },
    {
        "created_year": "2021",
        "created_month": "08",
        "additional_details": "Not Provided",
        "total": "181"
    },
    {
        "created_year": "2021",
        "created_month": "08",
        "additional_details": "Parked At Bus Stop",
        "total": "22"
    },
    {
        "created_year": "2021",
        "created_month": "08",
        "additional_details": "Parked In Bike Lane",
        "total": "12"
    },
    {
        "created_year": "2021",
        "created_month": "08",
        "additional_details": "Parked In Bus Lane",
        "total": "3"
    },
    {
        "created_year": "2021",
        "created_month": "08",
        "additional_details": "Parked In Crosswalk",
        "total": "67"
    },
    {
        "created_year": "2021",
        "created_month": "08",
        "additional_details": "Parked In Front Of Fire Hydrant",
        "total": "157"
    },
    {
        "created_year": "2021",
        "created_month": "08",
        "additional_details": "Parked In 'No Standing' Area",
        "total": "121"
    },
    {
        "created_year": "2021",
        "created_month": "08",
        "additional_details": "Parked In 'No Stopping' Area",
        "total": "26"
    },
    {
        "created_year": "2021",
        "created_month": "08",
        "additional_details": "Parked On Sidewalk",
        "total": "171"
    },
    {
        "created_year": "2021",
        "created_month": "07",
        "additional_details": "Blocking Driveway",
        "total": "69"
    },
    {
        "created_year": "2021",
        "created_month": "07",
        "additional_details": "Double Parked",
        "total": "62"
    },
    {
        "created_year": "2021",
        "created_month": "07",
        "additional_details": "Not Provided",
        "total": "149"
    },
    {
        "created_year": "2021",
        "created_month": "07",
        "additional_details": "Parked At Bus Stop",
        "total": "18"
    },
    {
        "created_year": "2021",
        "created_month": "07",
        "additional_details": "Parked In Bike Lane",
        "total": "11"
    },
    {
        "created_year": "2021",
        "created_month": "07",
        "additional_details": "Parked In Bus Lane",
        "total": "6"
    },
    {
        "created_year": "2021",
        "created_month": "07",
        "additional_details": "Parked In Crosswalk",
        "total": "101"
    },
    {
        "created_year": "2021",
        "created_month": "07",
        "additional_details": "Parked In Front Of Fire Hydrant",
        "total": "172"
    },
    {
        "created_year": "2021",
        "created_month": "07",
        "additional_details": "Parked In 'No Standing' Area",
        "total": "125"
    },
    {
        "created_year": "2021",
        "created_month": "07",
        "additional_details": "Parked In 'No Stopping' Area",
        "total": "28"
    },
    {
        "created_year": "2021",
        "created_month": "07",
        "additional_details": "Parked On Sidewalk",
        "total": "161"
    },
    {
        "created_year": "2021",
        "created_month": "06",
        "additional_details": "Blocking Driveway",
        "total": "60"
    },
    {
        "created_year": "2021",
        "created_month": "06",
        "additional_details": "Double Parked",
        "total": "115"
    },
    {
        "created_year": "2021",
        "created_month": "06",
        "additional_details": "Not Provided",
        "total": "124"
    },
    {
        "created_year": "2021",
        "created_month": "06",
        "additional_details": "Parked At Bus Stop",
        "total": "39"
    },
    {
        "created_year": "2021",
        "created_month": "06",
        "additional_details": "Parked In Bike Lane",
        "total": "10"
    },
    {
        "created_year": "2021",
        "created_month": "06",
        "additional_details": "Parked In Bus Lane",
        "total": "5"
    },
    {
        "created_year": "2021",
        "created_month": "06",
        "additional_details": "Parked In Crosswalk",
        "total": "49"
    },
    {
        "created_year": "2021",
        "created_month": "06",
        "additional_details": "Parked In Front Of Fire Hydrant",
        "total": "189"
    },
    {
        "created_year": "2021",
        "created_month": "06",
        "additional_details": "Parked In 'No Standing' Area",
        "total": "161"
    },
    {
        "created_year": "2021",
        "created_month": "06",
        "additional_details": "Parked In 'No Stopping' Area",
        "total": "24"
    },
    {
        "created_year": "2021",
        "created_month": "06",
        "additional_details": "Parked On Sidewalk",
        "total": "171"
    },
    {
        "created_year": "2021",
        "created_month": "05",
        "additional_details": "Blocking Driveway",
        "total": "57"
    },
    {
        "created_year": "2021",
        "created_month": "05",
        "additional_details": "Double Parked",
        "total": "85"
    },
    {
        "created_year": "2021",
        "created_month": "05",
        "additional_details": "Not Provided",
        "total": "146"
    },
    {
        "created_year": "2021",
        "created_month": "05",
        "additional_details": "Parked At Bus Stop",
        "total": "10"
    },
    {
        "created_year": "2021",
        "created_month": "05",
        "additional_details": "Parked In Bike Lane",
        "total": "11"
    },
    {
        "created_year": "2021",
        "created_month": "05",
        "additional_details": "Parked In Bus Lane",
        "total": "9"
    },
    {
        "created_year": "2021",
        "created_month": "05",
        "additional_details": "Parked In Crosswalk",
        "total": "40"
    },
    {
        "created_year": "2021",
        "created_month": "05",
        "additional_details": "Parked In Front Of Fire Hydrant",
        "total": "173"
    },
    {
        "created_year": "2021",
        "created_month": "05",
        "additional_details": "Parked In 'No Standing' Area",
        "total": "129"
    },
    {
        "created_year": "2021",
        "created_month": "05",
        "additional_details": "Parked In 'No Stopping' Area",
        "total": "23"
    },
    {
        "created_year": "2021",
        "created_month": "05",
        "additional_details": "Parked On Sidewalk",
        "total": "110"
    },
    {
        "created_year": "2021",
        "created_month": "04",
        "additional_details": "Blocking Driveway",
        "total": "51"
    },
    {
        "created_year": "2021",
        "created_month": "04",
        "additional_details": "Double Parked",
        "total": "43"
    },
    {
        "created_year": "2021",
        "created_month": "04",
        "additional_details": "Not Provided",
        "total": "117"
    },
    {
        "created_year": "2021",
        "created_month": "04",
        "additional_details": "Parked At Bus Stop",
        "total": "13"
    },
    {
        "created_year": "2021",
        "created_month": "04",
        "additional_details": "Parked In Bike Lane",
        "total": "10"
    },
    {
        "created_year": "2021",
        "created_month": "04",
        "additional_details": "Parked In Bus Lane",
        "total": "5"
    },
    {
        "created_year": "2021",
        "created_month": "04",
        "additional_details": "Parked In Crosswalk",
        "total": "30"
    },
    {
        "created_year": "2021",
        "created_month": "04",
        "additional_details": "Parked In Front Of Fire Hydrant",
        "total": "142"
    },
    {
        "created_year": "2021",
        "created_month": "04",
        "additional_details": "Parked In 'No Standing' Area",
        "total": "137"
    },
    {
        "created_year": "2021",
        "created_month": "04",
        "additional_details": "Parked In 'No Stopping' Area",
        "total": "16"
    },
    {
        "created_year": "2021",
        "created_month": "04",
        "additional_details": "Parked On Sidewalk",
        "total": "104"
    },
    {
        "created_year": "2021",
        "created_month": "03",
        "additional_details": "Blocking Driveway",
        "total": "67"
    },
    {
        "created_year": "2021",
        "created_month": "03",
        "additional_details": "Double Parked",
        "total": "49"
    },
    {
        "created_year": "2021",
        "created_month": "03",
        "additional_details": "Not Provided",
        "total": "124"
    },
    {
        "created_year": "2021",
        "created_month": "03",
        "additional_details": "Parked At Bus Stop",
        "total": "38"
    },
    {
        "created_year": "2021",
        "created_month": "03",
        "additional_details": "Parked In Bike Lane",
        "total": "14"
    },
    {
        "created_year": "2021",
        "created_month": "03",
        "additional_details": "Parked In Bus Lane",
        "total": "2"
    },
    {
        "created_year": "2021",
        "created_month": "03",
        "additional_details": "Parked In Crosswalk",
        "total": "45"
    },
    {
        "created_year": "2021",
        "created_month": "03",
        "additional_details": "Parked In Front Of Fire Hydrant",
        "total": "130"
    },
    {
        "created_year": "2021",
        "created_month": "03",
        "additional_details": "Parked In 'No Standing' Area",
        "total": "141"
    },
    {
        "created_year": "2021",
        "created_month": "03",
        "additional_details": "Parked In 'No Stopping' Area",
        "total": "21"
    },
    {
        "created_year": "2021",
        "created_month": "03",
        "additional_details": "Parked On Sidewalk",
        "total": "103"
    },
    {
        "created_year": "2021",
        "created_month": "02",
        "additional_details": "Blocking Driveway",
        "total": "60"
    },
    {
        "created_year": "2021",
        "created_month": "02",
        "additional_details": "Double Parked",
        "total": "29"
    },
    {
        "created_year": "2021",
        "created_month": "02",
        "additional_details": "Not Provided",
        "total": "89"
    },
    {
        "created_year": "2021",
        "created_month": "02",
        "additional_details": "Parked At Bus Stop",
        "total": "6"
    },
    {
        "created_year": "2021",
        "created_month": "02",
        "additional_details": "Parked In Bike Lane",
        "total": "2"
    },
    {
        "created_year": "2021",
        "created_month": "02",
        "additional_details": "Parked In Crosswalk",
        "total": "32"
    },
    {
        "created_year": "2021",
        "created_month": "02",
        "additional_details": "Parked In Front Of Fire Hydrant",
        "total": "99"
    },
    {
        "created_year": "2021",
        "created_month": "02",
        "additional_details": "Parked In 'No Standing' Area",
        "total": "70"
    },
    {
        "created_year": "2021",
        "created_month": "02",
        "additional_details": "Parked In 'No Stopping' Area",
        "total": "13"
    },
    {
        "created_year": "2021",
        "created_month": "02",
        "additional_details": "Parked On Sidewalk",
        "total": "67"
    },
    {
        "created_year": "2021",
        "created_month": "01",
        "additional_details": "Blocking Driveway",
        "total": "36"
    },
    {
        "created_year": "2021",
        "created_month": "01",
        "additional_details": "Double Parked",
        "total": "26"
    },
    {
        "created_year": "2021",
        "created_month": "01",
        "additional_details": "Not Provided",
        "total": "83"
    },
    {
        "created_year": "2021",
        "created_month": "01",
        "additional_details": "Parked At Bus Stop",
        "total": "8"
    },
    {
        "created_year": "2021",
        "created_month": "01",
        "additional_details": "Parked In Bike Lane",
        "total": "11"
    },
    {
        "created_year": "2021",
        "created_month": "01",
        "additional_details": "Parked In Bus Lane",
        "total": "2"
    },
    {
        "created_year": "2021",
        "created_month": "01",
        "additional_details": "Parked In Crosswalk",
        "total": "26"
    },
    {
        "created_year": "2021",
        "created_month": "01",
        "additional_details": "Parked In Front Of Fire Hydrant",
        "total": "105"
    },
    {
        "created_year": "2021",
        "created_month": "01",
        "additional_details": "Parked In 'No Standing' Area",
        "total": "87"
    },
    {
        "created_year": "2021",
        "created_month": "01",
        "additional_details": "Parked In 'No Stopping' Area",
        "total": "22"
    },
    {
        "created_year": "2021",
        "created_month": "01",
        "additional_details": "Parked On Sidewalk",
        "total": "85"
    },
    {
        "created_year": "2020",
        "created_month": "12",
        "additional_details": "Blocking Driveway",
        "total": "33"
    },
    {
        "created_year": "2020",
        "created_month": "12",
        "additional_details": "Double Parked",
        "total": "31"
    },
    {
        "created_year": "2020",
        "created_month": "12",
        "additional_details": "Not Provided",
        "total": "90"
    },
    {
        "created_year": "2020",
        "created_month": "12",
        "additional_details": "Parked At Bus Stop",
        "total": "18"
    },
    {
        "created_year": "2020",
        "created_month": "12",
        "additional_details": "Parked In Bike Lane",
        "total": "12"
    },
    {
        "created_year": "2020",
        "created_month": "12",
        "additional_details": "Parked In Bus Lane",
        "total": "1"
    },
    {
        "created_year": "2020",
        "created_month": "12",
        "additional_details": "Parked In Crosswalk",
        "total": "39"
    },
    {
        "created_year": "2020",
        "created_month": "12",
        "additional_details": "Parked In Front Of Fire Hydrant",
        "total": "110"
    },
    {
        "created_year": "2020",
        "created_month": "12",
        "additional_details": "Parked In 'No Standing' Area",
        "total": "104"
    },
    {
        "created_year": "2020",
        "created_month": "12",
        "additional_details": "Parked In 'No Stopping' Area",
        "total": "13"
    },
    {
        "created_year": "2020",
        "created_month": "12",
        "additional_details": "Parked On Sidewalk",
        "total": "78"
    },
    {
        "created_year": "2020",
        "created_month": "11",
        "additional_details": "Blocking Driveway",
        "total": "36"
    },
    {
        "created_year": "2020",
        "created_month": "11",
        "additional_details": "Double Parked",
        "total": "16"
    },
    {
        "created_year": "2020",
        "created_month": "11",
        "additional_details": "Not Provided",
        "total": "81"
    },
    {
        "created_year": "2020",
        "created_month": "11",
        "additional_details": "Parked At Bus Stop",
        "total": "8"
    },
    {
        "created_year": "2020",
        "created_month": "11",
        "additional_details": "Parked In Bike Lane",
        "total": "3"
    },
    {
        "created_year": "2020",
        "created_month": "11",
        "additional_details": "Parked In Bus Lane",
        "total": "1"
    },
    {
        "created_year": "2020",
        "created_month": "11",
        "additional_details": "Parked In Crosswalk",
        "total": "53"
    },
    {
        "created_year": "2020",
        "created_month": "11",
        "additional_details": "Parked In Front Of Fire Hydrant",
        "total": "99"
    },
    {
        "created_year": "2020",
        "created_month": "11",
        "additional_details": "Parked In 'No Standing' Area",
        "total": "79"
    },
    {
        "created_year": "2020",
        "created_month": "11",
        "additional_details": "Parked In 'No Stopping' Area",
        "total": "17"
    },
    {
        "created_year": "2020",
        "created_month": "11",
        "additional_details": "Parked On Sidewalk",
        "total": "102"
    },
    {
        "created_year": "2020",
        "created_month": "10",
        "additional_details": "Blocking Driveway",
        "total": "31"
    },
    {
        "created_year": "2020",
        "created_month": "10",
        "additional_details": "Double Parked",
        "total": "27"
    },
    {
        "created_year": "2020",
        "created_month": "10",
        "additional_details": "Not Provided",
        "total": "97"
    },
    {
        "created_year": "2020",
        "created_month": "10",
        "additional_details": "Parked At Bus Stop",
        "total": "10"
    },
    {
        "created_year": "2020",
        "created_month": "10",
        "additional_details": "Parked In Bike Lane",
        "total": "11"
    },
    {
        "created_year": "2020",
        "created_month": "10",
        "additional_details": "Parked In Bus Lane",
        "total": "6"
    },
    {
        "created_year": "2020",
        "created_month": "10",
        "additional_details": "Parked In Crosswalk",
        "total": "41"
    },
    {
        "created_year": "2020",
        "created_month": "10",
        "additional_details": "Parked In Front Of Fire Hydrant",
        "total": "146"
    },
    {
        "created_year": "2020",
        "created_month": "10",
        "additional_details": "Parked In 'No Standing' Area",
        "total": "130"
    },
    {
        "created_year": "2020",
        "created_month": "10",
        "additional_details": "Parked In 'No Stopping' Area",
        "total": "15"
    },
    {
        "created_year": "2020",
        "created_month": "10",
        "additional_details": "Parked On Sidewalk",
        "total": "113"
    },
    {
        "created_year": "2020",
        "created_month": "09",
        "additional_details": "Blocking Driveway",
        "total": "47"
    },
    {
        "created_year": "2020",
        "created_month": "09",
        "additional_details": "Double Parked",
        "total": "47"
    },
    {
        "created_year": "2020",
        "created_month": "09",
        "additional_details": "Not Provided",
        "total": "138"
    },
    {
        "created_year": "2020",
        "created_month": "09",
        "additional_details": "Parked At Bus Stop",
        "total": "10"
    },
    {
        "created_year": "2020",
        "created_month": "09",
        "additional_details": "Parked In Bike Lane",
        "total": "23"
    },
    {
        "created_year": "2020",
        "created_month": "09",
        "additional_details": "Parked In Bus Lane",
        "total": "1"
    },
    {
        "created_year": "2020",
        "created_month": "09",
        "additional_details": "Parked In Crosswalk",
        "total": "21"
    },
    {
        "created_year": "2020",
        "created_month": "09",
        "additional_details": "Parked In Front Of Fire Hydrant",
        "total": "114"
    },
    {
        "created_year": "2020",
        "created_month": "09",
        "additional_details": "Parked In 'No Standing' Area",
        "total": "152"
    },
    {
        "created_year": "2020",
        "created_month": "09",
        "additional_details": "Parked In 'No Stopping' Area",
        "total": "29"
    },
    {
        "created_year": "2020",
        "created_month": "09",
        "additional_details": "Parked On Sidewalk",
        "total": "112"
    },
    {
        "created_year": "2020",
        "created_month": "08",
        "additional_details": "Blocking Driveway",
        "total": "31"
    },
    {
        "created_year": "2020",
        "created_month": "08",
        "additional_details": "Double Parked",
        "total": "30"
    },
    {
        "created_year": "2020",
        "created_month": "08",
        "additional_details": "Not Provided",
        "total": "79"
    },
    {
        "created_year": "2020",
        "created_month": "08",
        "additional_details": "Parked At Bus Stop",
        "total": "19"
    },
    {
        "created_year": "2020",
        "created_month": "08",
        "additional_details": "Parked In Bike Lane",
        "total": "16"
    },
    {
        "created_year": "2020",
        "created_month": "08",
        "additional_details": "Parked In Bus Lane",
        "total": "1"
    },
    {
        "created_year": "2020",
        "created_month": "08",
        "additional_details": "Parked In Crosswalk",
        "total": "22"
    },
    {
        "created_year": "2020",
        "created_month": "08",
        "additional_details": "Parked In Front Of Fire Hydrant",
        "total": "117"
    },
    {
        "created_year": "2020",
        "created_month": "08",
        "additional_details": "Parked In 'No Standing' Area",
        "total": "104"
    },
    {
        "created_year": "2020",
        "created_month": "08",
        "additional_details": "Parked In 'No Stopping' Area",
        "total": "24"
    },
    {
        "created_year": "2020",
        "created_month": "08",
        "additional_details": "Parked On Sidewalk",
        "total": "138"
    },
    {
        "created_year": "2020",
        "created_month": "07",
        "additional_details": "Blocking Driveway",
        "total": "47"
    },
    {
        "created_year": "2020",
        "created_month": "07",
        "additional_details": "Double Parked",
        "total": "37"
    },
    {
        "created_year": "2020",
        "created_month": "07",
        "additional_details": "Not Provided",
        "total": "94"
    },
    {
        "created_year": "2020",
        "created_month": "07",
        "additional_details": "Parked At Bus Stop",
        "total": "19"
    },
    {
        "created_year": "2020",
        "created_month": "07",
        "additional_details": "Parked In Bike Lane",
        "total": "14"
    },
    {
        "created_year": "2020",
        "created_month": "07",
        "additional_details": "Parked In Bus Lane",
        "total": "3"
    },
    {
        "created_year": "2020",
        "created_month": "07",
        "additional_details": "Parked In Crosswalk",
        "total": "25"
    },
    {
        "created_year": "2020",
        "created_month": "07",
        "additional_details": "Parked In Front Of Fire Hydrant",
        "total": "92"
    },
    {
        "created_year": "2020",
        "created_month": "07",
        "additional_details": "Parked In 'No Standing' Area",
        "total": "109"
    },
    {
        "created_year": "2020",
        "created_month": "07",
        "additional_details": "Parked In 'No Stopping' Area",
        "total": "12"
    },
    {
        "created_year": "2020",
        "created_month": "07",
        "additional_details": "Parked On Sidewalk",
        "total": "135"
    },
    {
        "created_year": "2020",
        "created_month": "06",
        "additional_details": "Blocking Driveway",
        "total": "29"
    },
    {
        "created_year": "2020",
        "created_month": "06",
        "additional_details": "Double Parked",
        "total": "20"
    },
    {
        "created_year": "2020",
        "created_month": "06",
        "additional_details": "Not Provided",
        "total": "102"
    },
    {
        "created_year": "2020",
        "created_month": "06",
        "additional_details": "Parked At Bus Stop",
        "total": "6"
    },
    {
        "created_year": "2020",
        "created_month": "06",
        "additional_details": "Parked In Bike Lane",
        "total": "14"
    },
    {
        "created_year": "2020",
        "created_month": "06",
        "additional_details": "Parked In Bus Lane",
        "total": "6"
    },
    {
        "created_year": "2020",
        "created_month": "06",
        "additional_details": "Parked In Crosswalk",
        "total": "25"
    },
    {
        "created_year": "2020",
        "created_month": "06",
        "additional_details": "Parked In Front Of Fire Hydrant",
        "total": "90"
    },
    {
        "created_year": "2020",
        "created_month": "06",
        "additional_details": "Parked In 'No Standing' Area",
        "total": "93"
    },
    {
        "created_year": "2020",
        "created_month": "06",
        "additional_details": "Parked In 'No Stopping' Area",
        "total": "17"
    },
    {
        "created_year": "2020",
        "created_month": "06",
        "additional_details": "Parked On Sidewalk",
        "total": "72"
    },
    {
        "created_year": "2020",
        "created_month": "05",
        "additional_details": "Blocking Driveway",
        "total": "25"
    },
    {
        "created_year": "2020",
        "created_month": "05",
        "additional_details": "Double Parked",
        "total": "25"
    },
    {
        "created_year": "2020",
        "created_month": "05",
        "additional_details": "Not Provided",
        "total": "62"
    },
    {
        "created_year": "2020",
        "created_month": "05",
        "additional_details": "Parked At Bus Stop",
        "total": "7"
    },
    {
        "created_year": "2020",
        "created_month": "05",
        "additional_details": "Parked In Bike Lane",
        "total": "6"
    },
    {
        "created_year": "2020",
        "created_month": "05",
        "additional_details": "Parked In Bus Lane",
        "total": "2"
    },
    {
        "created_year": "2020",
        "created_month": "05",
        "additional_details": "Parked In Crosswalk",
        "total": "25"
    },
    {
        "created_year": "2020",
        "created_month": "05",
        "additional_details": "Parked In Front Of Fire Hydrant",
        "total": "75"
    },
    {
        "created_year": "2020",
        "created_month": "05",
        "additional_details": "Parked In 'No Standing' Area",
        "total": "56"
    },
    {
        "created_year": "2020",
        "created_month": "05",
        "additional_details": "Parked In 'No Stopping' Area",
        "total": "17"
    },
    {
        "created_year": "2020",
        "created_month": "05",
        "additional_details": "Parked On Sidewalk",
        "total": "68"
    },
    {
        "created_year": "2020",
        "created_month": "04",
        "additional_details": "Blocking Driveway",
        "total": "15"
    },
    {
        "created_year": "2020",
        "created_month": "04",
        "additional_details": "Double Parked",
        "total": "6"
    },
    {
        "created_year": "2020",
        "created_month": "04",
        "additional_details": "Not Provided",
        "total": "24"
    },
    {
        "created_year": "2020",
        "created_month": "04",
        "additional_details": "Parked At Bus Stop",
        "total": "4"
    },
    {
        "created_year": "2020",
        "created_month": "04",
        "additional_details": "Parked In Bike Lane",
        "total": "4"
    },
    {
        "created_year": "2020",
        "created_month": "04",
        "additional_details": "Parked In Bus Lane",
        "total": "5"
    },
    {
        "created_year": "2020",
        "created_month": "04",
        "additional_details": "Parked In Crosswalk",
        "total": "9"
    },
    {
        "created_year": "2020",
        "created_month": "04",
        "additional_details": "Parked In Front Of Fire Hydrant",
        "total": "51"
    },
    {
        "created_year": "2020",
        "created_month": "04",
        "additional_details": "Parked In 'No Standing' Area",
        "total": "41"
    },
    {
        "created_year": "2020",
        "created_month": "04",
        "additional_details": "Parked In 'No Stopping' Area",
        "total": "8"
    },
    {
        "created_year": "2020",
        "created_month": "04",
        "additional_details": "Parked On Sidewalk",
        "total": "60"
    },
    {
        "created_year": "2020",
        "created_month": "03",
        "additional_details": "Blocking Driveway",
        "total": "34"
    },
    {
        "created_year": "2020",
        "created_month": "03",
        "additional_details": "Double Parked",
        "total": "18"
    },
    {
        "created_year": "2020",
        "created_month": "03",
        "additional_details": "Not Provided",
        "total": "68"
    },
    {
        "created_year": "2020",
        "created_month": "03",
        "additional_details": "Parked At Bus Stop",
        "total": "8"
    },
    {
        "created_year": "2020",
        "created_month": "03",
        "additional_details": "Parked In Bike Lane",
        "total": "26"
    },
    {
        "created_year": "2020",
        "created_month": "03",
        "additional_details": "Parked In Bus Lane",
        "total": "5"
    },
    {
        "created_year": "2020",
        "created_month": "03",
        "additional_details": "Parked In Crosswalk",
        "total": "28"
    },
    {
        "created_year": "2020",
        "created_month": "03",
        "additional_details": "Parked In Front Of Fire Hydrant",
        "total": "95"
    },
    {
        "created_year": "2020",
        "created_month": "03",
        "additional_details": "Parked In 'No Standing' Area",
        "total": "91"
    },
    {
        "created_year": "2020",
        "created_month": "03",
        "additional_details": "Parked In 'No Stopping' Area",
        "total": "17"
    },
    {
        "created_year": "2020",
        "created_month": "03",
        "additional_details": "Parked On Sidewalk",
        "total": "98"
    },
    {
        "created_year": "2020",
        "created_month": "02",
        "additional_details": "Blocking Driveway",
        "total": "143"
    },
    {
        "created_year": "2020",
        "created_month": "02",
        "additional_details": "Double Parked",
        "total": "47"
    },
    {
        "created_year": "2020",
        "created_month": "02",
        "additional_details": "Not Provided",
        "total": "101"
    },
    {
        "created_year": "2020",
        "created_month": "02",
        "additional_details": "Parked At Bus Stop",
        "total": "15"
    },
    {
        "created_year": "2020",
        "created_month": "02",
        "additional_details": "Parked In Bike Lane",
        "total": "15"
    },
    {
        "created_year": "2020",
        "created_month": "02",
        "additional_details": "Parked In Bus Lane",
        "total": "4"
    },
    {
        "created_year": "2020",
        "created_month": "02",
        "additional_details": "Parked In Crosswalk",
        "total": "38"
    },
    {
        "created_year": "2020",
        "created_month": "02",
        "additional_details": "Parked In Front Of Fire Hydrant",
        "total": "124"
    },
    {
        "created_year": "2020",
        "created_month": "02",
        "additional_details": "Parked In 'No Standing' Area",
        "total": "134"
    },
    {
        "created_year": "2020",
        "created_month": "02",
        "additional_details": "Parked In 'No Stopping' Area",
        "total": "21"
    },
    {
        "created_year": "2020",
        "created_month": "02",
        "additional_details": "Parked On Sidewalk",
        "total": "96"
    },
    {
        "created_year": "2020",
        "created_month": "01",
        "additional_details": "Blocking Driveway",
        "total": "12"
    },
    {
        "created_year": "2020",
        "created_month": "01",
        "additional_details": "Double Parked",
        "total": "4"
    },
    {
        "created_year": "2020",
        "created_month": "01",
        "additional_details": "Not Provided",
        "total": "9"
    },
    {
        "created_year": "2020",
        "created_month": "01",
        "additional_details": "Parked At Bus Stop",
        "total": "3"
    },
    {
        "created_year": "2020",
        "created_month": "01",
        "additional_details": "Parked In Bike Lane",
        "total": "1"
    },
    {
        "created_year": "2020",
        "created_month": "01",
        "additional_details": "Parked In Crosswalk",
        "total": "1"
    },
    {
        "created_year": "2020",
        "created_month": "01",
        "additional_details": "Parked In Front Of Fire Hydrant",
        "total": "15"
    },
    {
        "created_year": "2020",
        "created_month": "01",
        "additional_details": "Parked In 'No Standing' Area",
        "total": "8"
    },
    {
        "created_year": "2020",
        "created_month": "01",
        "additional_details": "Parked In 'No Stopping' Area",
        "total": "1"
    },
    {
        "created_year": "2020",
        "created_month": "01",
        "additional_details": "Parked On Sidewalk",
        "total": "8"
    }
]